EC_Number	BiGG_Reaction
1.1.1.-	13HODEOR
1.1.1.-	ALCD4
1.1.1.-	ALCD4y
1.1.1.-	ALR2
1.1.1.-	BTS
1.1.1.-	BTS_nadph
1.1.1.-	CRETINOLOR2
1.1.1.-	GHBDHy
1.1.1.-	HPCOR
1.1.1.-	MSAR
1.1.1.-	RDH1a
1.1.1.-	RDH2a
1.1.1.-	RDH3a
1.1.1.-	TRETINOLOR2
1.1.1.-	UDPGALOR
1.1.1.1	34DHOXPEGOX
1.1.1.1	ALCD22xi
1.1.1.1	ALCD22xim
1.1.1.1	ALCD23xi
1.1.1.1	ALCD23xim
1.1.1.1	ALCD23yi
1.1.1.1	ALCD24xi
1.1.1.1	ALCD24xim
1.1.1.1	ALCD25xi
1.1.1.1	ALCD25xim
1.1.1.1	ALCD2ir
1.1.1.1	ALCD2irm
1.1.1.1	ALCD2x
1.1.1.1	ALCD2y
1.1.1.1	ALCD3ir
1.1.1.1	ALCD4y
1.1.1.1	ALCDH_nadp_hi
1.1.1.1	ALCDkt
1.1.1.1	BTS_nadph
1.1.1.1	BZALDH
1.1.1.1	CHOLD
1.1.1.1	RDH1
1.1.1.1	RE1711C_2
1.1.1.1	TRETINOLOR1
1.1.1.100	3OAR100
1.1.1.100	3OAR100_1
1.1.1.100	3OAR120
1.1.1.100	3OAR120_1
1.1.1.100	3OAR121
1.1.1.100	3OAR140
1.1.1.100	3OAR140_1
1.1.1.100	3OAR141
1.1.1.100	3OAR160
1.1.1.100	3OAR160_1
1.1.1.100	3OAR161
1.1.1.100	3OAR180
1.1.1.100	3OAR180_1
1.1.1.100	3OAR181
1.1.1.100	3OAR181_1
1.1.1.100	3OAR40
1.1.1.100	3OAR40_1
1.1.1.100	3OAR60
1.1.1.100	3OAR60_1
1.1.1.100	3OAR80
1.1.1.100	3OAR80_1
1.1.1.103	R01465m
1.1.1.103	THRD
1.1.1.132	NOT_IN_BIGG_DATABASE
1.1.1.133	TDPDRR
1.1.1.135	NOT_IN_BIGG_DATABASE
1.1.1.136	NOT_IN_BIGG_DATABASE
1.1.1.140	SBTPD
1.1.1.157	HADPCOADH3
1.1.1.157	HBCO_nadp
1.1.1.157	HBCO_nadp_m
1.1.1.169	DPR
1.1.1.169	DPRm
1.1.1.169	PNORn
1.1.1.17	M1PD
1.1.1.175	NOT_IN_BIGG_DATABASE
1.1.1.178	HACD9
1.1.1.178	HACD9m
1.1.1.18	INS2D
1.1.1.192	NOT_IN_BIGG_DATABASE
1.1.1.193	APRAUR
1.1.1.193	AUNOR
1.1.1.2	ALCD19y
1.1.1.2	ALCD22xi
1.1.1.2	ALCD22xim
1.1.1.2	ALCD22yi
1.1.1.2	ALCD2y
1.1.1.2	ALCD3ir
1.1.1.2	ALCD4y
1.1.1.2	ALCDH_nadp_hi
1.1.1.2	ARABR
1.1.1.2	ARABRr
1.1.1.2	BTS_nadph
1.1.1.2	GULND
1.1.1.2	GULNDer
1.1.1.2	SBTR
1.1.1.2	SBTRh
1.1.1.2	r0246
1.1.1.202	13PPDH
1.1.1.202	ALCD3ir
1.1.1.203	NOT_IN_BIGG_DATABASE
1.1.1.205	6TINS5MPOR
1.1.1.205	IMPD
1.1.1.205	IMPDm
1.1.1.219	NOT_IN_BIGG_DATABASE
1.1.1.22	UDPGD
1.1.1.23	HDH
1.1.1.23	HDHh
1.1.1.23	HISTD
1.1.1.237	34HPLFM
1.1.1.25	SHK3Dr
1.1.1.25	SKDH
1.1.1.26	GLYCDH_1
1.1.1.26	GLYCLTDx
1.1.1.26	HPYRRx
1.1.1.261	NOT_IN_BIGG_DATABASE
1.1.1.262	NOT_IN_BIGG_DATABASE
1.1.1.264	IDOND
1.1.1.264	IDOND2
1.1.1.267	DXPRIi
1.1.1.267	DXRI
1.1.1.27	2HBO
1.1.1.27	LDH2
1.1.1.27	LDH_L
1.1.1.27	LDH_Lm
1.1.1.27	LLDHh
1.1.1.27	MCLORi
1.1.1.27	r0173
1.1.1.271	GFUCS
1.1.1.271	GOFUCR
1.1.1.271	r0782
1.1.1.274	NOT_IN_BIGG_DATABASE
1.1.1.28	LDH_D
1.1.1.28	LDHm
1.1.1.281	NOT_IN_BIGG_DATABASE
1.1.1.282	QUINDH
1.1.1.282	SHK3Dr
1.1.1.282	SKDH
1.1.1.284	FALDH
1.1.1.284	FALDH2
1.1.1.29	GLYCDH_1
1.1.1.29	GLYCLTDx
1.1.1.29	HPYRRx
1.1.1.290	PERD
1.1.1.292	NOT_IN_BIGG_DATABASE
1.1.1.298	MSAR
1.1.1.3	HSDH
1.1.1.3	HSDxi
1.1.1.3	HSDy
1.1.1.30	BDH
1.1.1.30	BDHm
1.1.1.30	HBNOx
1.1.1.304	NOT_IN_BIGG_DATABASE
1.1.1.31	HIBDm
1.1.1.31	HMNO
1.1.1.310	SLDx
1.1.1.310	SLDxi2
1.1.1.310	SLDxm
1.1.1.313	NOT_IN_BIGG_DATABASE
1.1.1.336	UACMAMO
1.1.1.338	NOT_IN_BIGG_DATABASE
1.1.1.343	NOT_IN_BIGG_DATABASE
1.1.1.346	NOT_IN_BIGG_DATABASE
1.1.1.35	3HOPCD
1.1.1.35	HACD1
1.1.1.35	HACD10p
1.1.1.35	HACD1_1
1.1.1.35	HACD1i
1.1.1.35	HACD1m
1.1.1.35	HACD1x
1.1.1.35	HACD2
1.1.1.35	HACD2_1
1.1.1.35	HACD2i
1.1.1.35	HACD2m
1.1.1.35	HACD3
1.1.1.35	HACD3_1
1.1.1.35	HACD3i
1.1.1.35	HACD3m
1.1.1.35	HACD4
1.1.1.35	HACD4i
1.1.1.35	HACD4m
1.1.1.35	HACD4p
1.1.1.35	HACD5
1.1.1.35	HACD5i
1.1.1.35	HACD5m
1.1.1.35	HACD5p
1.1.1.35	HACD6
1.1.1.35	HACD6i
1.1.1.35	HACD6m
1.1.1.35	HACD6p
1.1.1.35	HACD7
1.1.1.35	HACD7i
1.1.1.35	HACD7m
1.1.1.35	HACD7p
1.1.1.35	HACD8
1.1.1.35	HACD8i
1.1.1.35	HACD8p
1.1.1.35	HACD9
1.1.1.35	HACD9m
1.1.1.35	HACDp
1.1.1.35	HADPCOADH3
1.1.1.35	HBCO_nadp
1.1.1.35	HBCO_nadp_m
1.1.1.35	HIBDkt
1.1.1.35	HMNO
1.1.1.36	AACOAR_syn
1.1.1.36	RHACOAR100
1.1.1.36	RHACOAR140
1.1.1.36	RHACOAR60
1.1.1.36	RHACOAR80
1.1.1.361	NOT_IN_BIGG_DATABASE
1.1.1.363	G6PBDH
1.1.1.363	G6PBDHh
1.1.1.363	G6PDH1
1.1.1.363	G6PDH1er
1.1.1.363	G6PDH2er
1.1.1.363	G6PDH2r
1.1.1.37	MDH
1.1.1.37	MDHf
1.1.1.37	MDHh
1.1.1.37	MDHi2
1.1.1.37	MDHm
1.1.1.37	MDHp
1.1.1.370	NOT_IN_BIGG_DATABASE
1.1.1.371	NOT_IN_BIGG_DATABASE
1.1.1.373	NOT_IN_BIGG_DATABASE
1.1.1.38	ME1
1.1.1.38	ME1m
1.1.1.38	OAADC
1.1.1.381	AOBUTDs
1.1.1.381	AOBUTDsm
1.1.1.381	AOBUTDxs
1.1.1.381	ATHRDHr
1.1.1.39	ME1
1.1.1.39	ME1m
1.1.1.396	NOT_IN_BIGG_DATABASE
1.1.1.399	AHGDx
1.1.1.40	MDHC_nadp_hr
1.1.1.40	ME2
1.1.1.40	ME2m
1.1.1.40	OAADC
1.1.1.402	NOT_IN_BIGG_DATABASE
1.1.1.404	NOT_IN_BIGG_DATABASE
1.1.1.408	NOT_IN_BIGG_DATABASE
1.1.1.409	NOT_IN_BIGG_DATABASE
1.1.1.410	NOT_IN_BIGG_DATABASE
1.1.1.411	NOT_IN_BIGG_DATABASE
1.1.1.412	NOT_IN_BIGG_DATABASE
1.1.1.414	NOT_IN_BIGG_DATABASE
1.1.1.42	ICDHhr
1.1.1.42	ICDHym
1.1.1.42	ICDHyp
1.1.1.42	ICDHyr
1.1.1.42	r0082
1.1.1.42	r0083
1.1.1.42	r0084
1.1.1.42	r0422
1.1.1.42	r0423
1.1.1.42	r0424
1.1.1.434	NOT_IN_BIGG_DATABASE
1.1.1.44	GND
1.1.1.44	GNDer
1.1.1.44	PGDHh
1.1.1.45	GULN3D
1.1.1.47	NOT_IN_BIGG_DATABASE
1.1.1.48	NOT_IN_BIGG_DATABASE
1.1.1.49	G6PADH
1.1.1.49	G6PADHh
1.1.1.49	G6PBDH
1.1.1.49	G6PBDHh
1.1.1.49	G6PDH2er
1.1.1.49	G6PDH2r
1.1.1.51	ALCD3ir
1.1.1.51	HSD17B1
1.1.1.51	HSD17B2r
1.1.1.51	HSD17B7r
1.1.1.51	HSD17B8r
1.1.1.58	TAGURr
1.1.1.6	ALCD22_L
1.1.1.6	GLYCDx
1.1.1.60	HOXPRm
1.1.1.60	HOXPRx
1.1.1.60	TRSARr
1.1.1.65	PYDXOR
1.1.1.67	MNLDH2
1.1.1.76	NOT_IN_BIGG_DATABASE
1.1.1.77	ALCD21_D
1.1.1.77	LCARR
1.1.1.77	LCARS
1.1.1.79	GLYCLTDx
1.1.1.79	GLYCLTDy
1.1.1.79	GLYCLTDym
1.1.1.79	HPYRRy
1.1.1.79	LALDO2x
1.1.1.81	GLYCDH_1
1.1.1.81	HPYRRx
1.1.1.81	HPYRRy
1.1.1.83	MALDDH
1.1.1.85	IPMD
1.1.1.85	OMCDC
1.1.1.85	OMCDCm
1.1.1.86	DMORh
1.1.1.86	KARA1
1.1.1.86	KARA1im
1.1.1.86	KARA2
1.1.1.86	KARA2im
1.1.1.86	KARI
1.1.1.86	KARI_23dhmb
1.1.1.86	KARI_23dhmp
1.1.1.86	KARI_3hmoa
1.1.1.87	HICITDm
1.1.1.87	OXAGm
1.1.1.93	TARTRDH
1.1.1.93	TARTRDH2
1.1.1.94	G3PD1
1.1.1.94	G3PD1ir
1.1.1.94	G3PD1irm
1.1.1.94	G3PD2
1.1.1.94	G3PD2_1
1.1.1.94	r0202
1.1.1.95	PGCD
1.1.1.95	PGLYDH
1.1.2.10	NOT_IN_BIGG_DATABASE
1.1.2.3	L_LACD2
1.1.2.3	L_LACD3
1.1.2.4	NOT_IN_BIGG_DATABASE
1.1.2.7	NOT_IN_BIGG_DATABASE
1.1.2.8	NOT_IN_BIGG_DATABASE
1.1.3.-	NOT_IN_BIGG_DATABASE
1.1.3.41	NOT_IN_BIGG_DATABASE
1.1.3.47	NOT_IN_BIGG_DATABASE
1.1.3.48	NOT_IN_BIGG_DATABASE
1.1.3.6	NOT_IN_BIGG_DATABASE
1.1.5.-	NOT_IN_BIGG_DATABASE
1.1.5.12	NOT_IN_BIGG_DATABASE
1.1.5.2	NOT_IN_BIGG_DATABASE
1.1.5.3	G3PD
1.1.5.3	G3PDm
1.1.5.4	DMALRED
1.1.5.4	MOX
1.1.5.8	QUIDH
1.1.9.1	NOT_IN_BIGG_DATABASE
1.1.98.3	NOT_IN_BIGG_DATABASE
1.1.98.6	NOT_IN_BIGG_DATABASE
1.1.99.-	NOT_IN_BIGG_DATABASE
1.1.99.1	CHOLD2
1.1.99.1	CHOLD2m
1.1.99.14	NOT_IN_BIGG_DATABASE
1.10.3.-	NOT_IN_BIGG_DATABASE
1.10.3.17	NOT_IN_BIGG_DATABASE
1.11.1.-	NOT_IN_BIGG_DATABASE
1.11.1.10	NOT_IN_BIGG_DATABASE
1.11.1.15	THIORDXi
1.11.1.15	THIORDXm
1.11.1.15	THIORDXni
1.11.1.15	THIORDXp
1.11.1.18	NOT_IN_BIGG_DATABASE
1.11.1.21	CAT
1.11.1.21	CATm
1.11.1.21	CATp
1.11.1.21	PRDX
1.11.1.21	PRDXl
1.11.1.24	NOT_IN_BIGG_DATABASE
1.11.1.25	NOT_IN_BIGG_DATABASE
1.11.1.27	NOT_IN_BIGG_DATABASE
1.11.1.28	NOT_IN_BIGG_DATABASE
1.11.1.5	CCP
1.11.1.6	CAT
1.11.1.6	CAT2p
1.11.1.6	CATm
1.11.1.6	CATp
1.11.1.6	PRDX
1.11.1.6	PRDXl
1.11.1.9	GTHPe
1.11.1.9	GTHPi
1.11.1.9	GTHPm
1.12.1.3	H2ASE_syn
1.13.11.-	3MCAT23DOX
1.13.11.-	ALOX12R
1.13.11.1	CATDOX
1.13.11.11	TRPO2
1.13.11.15	34DHPACDO
1.13.11.15	DHPDO
1.13.11.2	3MCAT23DOX
1.13.11.2	4MCAT23DOX
1.13.11.2	CAT23DOX
1.13.11.24	Q23DO
1.13.11.27	34HPPOR
1.13.11.27	PPOR
1.13.11.29	NOT_IN_BIGG_DATABASE
1.13.11.3	PCADYOX
1.13.11.5	HGNTOR
1.13.11.54	ACDO
1.13.11.54	ARD
1.13.11.54	ARD_1
1.13.11.79	NOT_IN_BIGG_DATABASE
1.13.11.81	NOT_IN_BIGG_DATABASE
1.13.11.82	NOT_IN_BIGG_DATABASE
1.13.12.-	NOT_IN_BIGG_DATABASE
1.13.12.16	NPPDO
1.14.11.17	TAUDO
1.14.11.18	PHYHx
1.14.11.33	NOT_IN_BIGG_DATABASE
1.14.11.47	NOT_IN_BIGG_DATABASE
1.14.11.77	NOT_IN_BIGG_DATABASE
1.14.12.1	NOT_IN_BIGG_DATABASE
1.14.12.17	NODOx
1.14.12.17	NODOy
1.14.12.19	CINNDO
1.14.12.19	PPPNDO
1.14.12.25	NOT_IN_BIGG_DATABASE
1.14.12.3	NOT_IN_BIGG_DATABASE
1.14.13.-	LIDOMO
1.14.13.-	MXMO
1.14.13.-	PXMO
1.14.13.-	RE2235C
1.14.13.-	RE2235R
1.14.13.113	NOT_IN_BIGG_DATABASE
1.14.13.149	NOT_IN_BIGG_DATABASE
1.14.13.171	NOT_IN_BIGG_DATABASE
1.14.13.195	NOT_IN_BIGG_DATABASE
1.14.13.196	NOT_IN_BIGG_DATABASE
1.14.13.2	4HBHYOX
1.14.13.218	NOT_IN_BIGG_DATABASE
1.14.13.220	NOT_IN_BIGG_DATABASE
1.14.13.23	NOT_IN_BIGG_DATABASE
1.14.13.231	NOT_IN_BIGG_DATABASE
1.14.13.239	NOT_IN_BIGG_DATABASE
1.14.13.24	NOT_IN_BIGG_DATABASE
1.14.13.240	NOT_IN_BIGG_DATABASE
1.14.13.251	NOT_IN_BIGG_DATABASE
1.14.13.50	NOT_IN_BIGG_DATABASE
1.14.13.59	NOT_IN_BIGG_DATABASE
1.14.13.7	NOT_IN_BIGG_DATABASE
1.14.13.81	MPMECY2
1.14.13.81	MPOMC1
1.14.13.81	MPOMMM
1.14.13.81	MPOMOR
1.14.13.83	NOT_IN_BIGG_DATABASE
1.14.13.92	NOT_IN_BIGG_DATABASE
1.14.14.-	NOT_IN_BIGG_DATABASE
1.14.14.28	NOT_IN_BIGG_DATABASE
1.14.14.3	NOT_IN_BIGG_DATABASE
1.14.14.34	FDMO2
1.14.14.35	NOT_IN_BIGG_DATABASE
1.14.14.46	NOT_IN_BIGG_DATABASE
1.14.14.5	FDMO
1.14.14.5	FDMO2
1.14.14.5	FDMO4
1.14.14.8	NOT_IN_BIGG_DATABASE
1.14.14.9	3HPAOX
1.14.14.9	4HOXPACMOF
1.14.14.9	4HOXPACMOF_1
1.14.14.9	4HOXPACMON
1.14.14.9	HPA3MO
1.14.15.30	NOT_IN_BIGG_DATABASE
1.14.15.32	NOT_IN_BIGG_DATABASE
1.14.16.1	PHETHPTOX
1.14.19.-	NOT_IN_BIGG_DATABASE
1.14.99.44	NOT_IN_BIGG_DATABASE
1.14.99.46	NOT_IN_BIGG_DATABASE
1.14.99.50	NOT_IN_BIGG_DATABASE
1.14.99.58	NOT_IN_BIGG_DATABASE
1.14.99.60	NOT_IN_BIGG_DATABASE
1.15.1.1	SPODM
1.15.1.1	SPODMe
1.15.1.1	SPODMm
1.15.1.1	SPODMn
1.15.1.1	SPODMpp
1.15.1.1	SPODMx
1.16.1.1	NOT_IN_BIGG_DATABASE
1.16.1.9	NOT_IN_BIGG_DATABASE
1.16.3.1	FERO
1.16.3.1	FEROc
1.16.3.1	FEROpp
1.16.3.1	FEROt
1.16.3.1	r0016
1.16.3.2	NOT_IN_BIGG_DATABASE
1.17.1.1	NOT_IN_BIGG_DATABASE
1.17.1.4	HXAND
1.17.1.4	XAND
1.17.1.4	XANDp
1.17.1.8	NOT_IN_BIGG_DATABASE
1.17.1.9	NOT_IN_BIGG_DATABASE
1.17.2.1	NOT_IN_BIGG_DATABASE
1.17.4.1	RNDR1
1.17.4.1	RNDR1n
1.17.4.1	RNDR2
1.17.4.1	RNDR2n
1.17.4.1	RNDR3
1.17.4.1	RNDR3n
1.17.4.1	RNDR4
1.17.4.1	RNDR4n
1.17.5.3	NOT_IN_BIGG_DATABASE
1.17.7.1	NOT_IN_BIGG_DATABASE
1.17.7.3	NOT_IN_BIGG_DATABASE
1.17.7.4	NOT_IN_BIGG_DATABASE
1.17.8.1	NOT_IN_BIGG_DATABASE
1.17.99.6	NOT_IN_BIGG_DATABASE
1.17.99.9	NOT_IN_BIGG_DATABASE
1.18.1.-	NOT_IN_BIGG_DATABASE
1.18.1.1	RNADRr
1.18.1.2	FNOR
1.18.1.2	FRDO
1.18.1.3	NOT_IN_BIGG_DATABASE
1.19.1.1	FLDR
1.2.1.-	ABUTD
1.2.1.-	ABUTDm
1.2.1.-	ALDD2y
1.2.1.-	ALDD2ym
1.2.1.-	GGGABADr
1.2.1.11	ASAD
1.2.1.11	ASADH
1.2.1.12	GAPD
1.2.1.12	GAPDHf
1.2.1.12	GAPDHh
1.2.1.12	GAPDHm
1.2.1.16	SSALx
1.2.1.16	SSALxm
1.2.1.16	SSALy
1.2.1.16	SSNOh
1.2.1.16	r0179
1.2.1.18	MMSAD3
1.2.1.18	MMSAD3m
1.2.1.18	MMTSADm
1.2.1.19	ABUTD
1.2.1.19	ABUTDm
1.2.1.19	ALDD11
1.2.1.19	ALDD19x_P
1.2.1.19	ALDD22x
1.2.1.19	ALDD5
1.2.1.19	ALR
1.2.1.19	r0548
1.2.1.20	OXPTNDH
1.2.1.22	LCADi
1.2.1.22	LCADm
1.2.1.26	NOT_IN_BIGG_DATABASE
1.2.1.27	MMSAD1
1.2.1.27	MMSAD1m
1.2.1.27	MMSAD3
1.2.1.27	MMSAD3m
1.2.1.27	MMSDH
1.2.1.27	MMTSAO
1.2.1.3	34DHALDD
1.2.1.3	3MBZDH
1.2.1.3	4ABUTD
1.2.1.3	4MBZDH
1.2.1.3	5HOXINDACTOX
1.2.1.3	5HOXINDACTOXm
1.2.1.3	ABOR
1.2.1.3	ABUTD
1.2.1.3	ABUTDm
1.2.1.3	ALDD16
1.2.1.3	ALDD20x
1.2.1.3	ALDD20x_1
1.2.1.3	ALDD20xm
1.2.1.3	ALDD22x
1.2.1.3	ALDD2x
1.2.1.3	ALDD2xm
1.2.1.3	ALDD32
1.2.1.3	ALDD5
1.2.1.3	ALDD6
1.2.1.3	ALDD8
1.2.1.3	ALDH
1.2.1.3	GLACO
1.2.1.3	GLACOm
1.2.1.3	GLYALDDr
1.2.1.3	IMACTD
1.2.1.3	IMACTD_m
1.2.1.3	LCADi_D
1.2.1.3	LCADi_Dm
1.2.1.3	NABTNO
1.2.1.3	NABTNOm
1.2.1.3	PYLALDOX
1.2.1.3	PYLALDOXm
1.2.1.3	r0393
1.2.1.3	r0642
1.2.1.3	r0643
1.2.1.38	AGPR
1.2.1.38	AGPRim
1.2.1.39	ALDD19xr
1.2.1.39	r0546
1.2.1.41	G5DHx
1.2.1.41	G5SD
1.2.1.41	G5SD2
1.2.1.41	G5SDym
1.2.1.5	34DHALDD
1.2.1.5	34DHPLACOX_NADP
1.2.1.5	34DHXMANDACOX
1.2.1.5	34DHXMANDACOX_NADP
1.2.1.5	3M4HDXPAC
1.2.1.5	3MOX4HOXPGALDOX
1.2.1.5	3MOX4HOXPGALDOX_NADP
1.2.1.5	4HOXPACDOX_NADP
1.2.1.5	ALDD16
1.2.1.5	ALDD19x_P
1.2.1.5	ALDD19xr
1.2.1.5	ALDD20y
1.2.1.5	ALDD20ym
1.2.1.5	ALDD22x
1.2.1.5	ALDD2x
1.2.1.5	ALDD2xm
1.2.1.5	ALDD2y
1.2.1.5	ALDD2ym
1.2.1.5	ALDD6
1.2.1.5	r0546
1.2.1.5	r0548
1.2.1.5	r0752
1.2.1.5	r0753
1.2.1.5	r0754
1.2.1.5	r0756
1.2.1.5	r0757
1.2.1.59	GAPD
1.2.1.59	GAPDH_nadp_hi
1.2.1.59	GAPDHf
1.2.1.59	GAPDHh
1.2.1.59	GAPDHm
1.2.1.59	GAPDi_nadp
1.2.1.63	NOT_IN_BIGG_DATABASE
1.2.1.70	GLUTRR
1.2.1.70	GLUTRR_1
1.2.1.71	SGSAD
1.2.1.72	E4PD
1.2.1.73	NOT_IN_BIGG_DATABASE
1.2.1.79	SSALy
1.2.1.79	r0179
1.2.1.8	BETALDHx
1.2.1.8	BETALDHxm
1.2.1.8	BETALDHy
1.2.1.88	4HGLSD
1.2.1.88	4HGLSDm
1.2.1.88	P5CD
1.2.1.88	P5CDm
1.2.1.88	PHCD
1.2.1.88	PHCDm
1.2.1.88	PUTA3
1.2.1.88	r0074
1.2.1.88	r0686
1.2.1.9	NOT_IN_BIGG_DATABASE
1.2.4.1	PDH
1.2.4.1	PDHa
1.2.4.1	PDHam1hi
1.2.4.1	PDHam1mi
1.2.4.1	PDHam2hi
1.2.4.1	PDHam2mi
1.2.4.1	PDHm
1.2.4.1	r0383
1.2.4.2	2OXOADOXm
1.2.4.2	AKGDH
1.2.4.2	AKGDa
1.2.4.2	AKGDam
1.2.4.2	AKGDm
1.2.4.2	OXOADLR
1.2.4.2	r0163
1.2.4.2	r0384
1.2.4.2	r0451
1.2.4.2	r0620
1.2.4.4	3M2OBLOXRD
1.2.4.4	3M2OPLOXRD
1.2.4.4	4M2OPLOXRD
1.2.4.4	MOD
1.2.4.4	MOD_3mhtpp
1.2.4.4	MOD_3mop
1.2.4.4	MOD_4mop
1.2.4.4	r0385
1.2.4.4	r0386
1.2.4.4	r0670
1.2.5.1	NOT_IN_BIGG_DATABASE
1.2.5.3	NOT_IN_BIGG_DATABASE
1.2.7.-	PFOR
1.2.7.12	NOT_IN_BIGG_DATABASE
1.2.7.3	OOR3r
1.2.99.6	NOT_IN_BIGG_DATABASE
1.20.4.1	ASR
1.20.4.1	ASR2
1.20.4.4	ASR2
1.21.98.-	NOT_IN_BIGG_DATABASE
1.21.98.1	NOT_IN_BIGG_DATABASE
1.21.98.4	NOT_IN_BIGG_DATABASE
1.3.1.-	DH3MCHCDH
1.3.1.-	PCNO
1.3.1.-	PCNOn
1.3.1.1	DURADx
1.3.1.1	r0330
1.3.1.1	r0331
1.3.1.10	EAR121y
1.3.1.10	EAR141y
1.3.1.10	EAR160y
1.3.1.10	EAR160y_1
1.3.1.10	EAR161y
1.3.1.10	EAR180y
1.3.1.10	EAR181y
1.3.1.10	EAR181y_1
1.3.1.10	EGMEACPR
1.3.1.10	EPMEACPR
1.3.1.106	NOT_IN_BIGG_DATABASE
1.3.1.108	NOT_IN_BIGG_DATABASE
1.3.1.111	NOT_IN_BIGG_DATABASE
1.3.1.114	NOT_IN_BIGG_DATABASE
1.3.1.115	NOT_IN_BIGG_DATABASE
1.3.1.12	PPND
1.3.1.12	PPOR_1
1.3.1.14	DHORD_NAD
1.3.1.28	DHBD
1.3.1.3	SR5ARr
1.3.1.34	NOT_IN_BIGG_DATABASE
1.3.1.43	NOT_IN_BIGG_DATABASE
1.3.1.54	CPC6R
1.3.1.54	PC6AR
1.3.1.76	SHCHD2
1.3.1.76	SHCHD2_1
1.3.1.83	GGCHLDAR
1.3.1.83	GGDPR
1.3.1.83	GGDR
1.3.1.84	PCNO
1.3.1.84	PCNOn
1.3.1.85	NOT_IN_BIGG_DATABASE
1.3.1.86	NOT_IN_BIGG_DATABASE
1.3.1.9	ACOAD1
1.3.1.9	EAR121x
1.3.1.9	EAR141x
1.3.1.9	EAR160x
1.3.1.9	EAR160x_1
1.3.1.9	EAR161x
1.3.1.9	EAR180x
1.3.1.9	EAR180x_1
1.3.1.9	EAR181x
1.3.1.9	EAR181x_1
1.3.1.98	UAPGR
1.3.3.11	NOT_IN_BIGG_DATABASE
1.3.3.3	CPPPGO
1.3.3.3	CPPPGO_1
1.3.3.4	PPPGO
1.3.3.4	PPPGO3
1.3.3.4	PPPGO_1
1.3.3.4	PPPGOm
1.3.5.1	FRD
1.3.5.1	FRDcm
1.3.5.1	FRDm
1.3.5.1	SUCD1
1.3.5.1	SUCD1m
1.3.5.1	SUCD2_u6m
1.3.5.1	SUCD3_u6m
1.3.5.1	SUCDHh
1.3.5.2	NOT_IN_BIGG_DATABASE
1.3.5.3	NOT_IN_BIGG_DATABASE
1.3.5.4	NOT_IN_BIGG_DATABASE
1.3.5.5	NOT_IN_BIGG_DATABASE
1.3.7.14	NOT_IN_BIGG_DATABASE
1.3.7.15	NOT_IN_BIGG_DATABASE
1.3.7.7	NOT_IN_BIGG_DATABASE
1.3.8.-	NOT_IN_BIGG_DATABASE
1.3.8.1	ACOA40OR
1.3.8.1	ACOAD1f
1.3.8.1	ACOAD1fm
1.3.8.12	NOT_IN_BIGG_DATABASE
1.3.8.14	NOT_IN_BIGG_DATABASE
1.3.8.6	GLUTCOADHc
1.3.8.6	GLUTCOADHm
1.3.8.7	ACOA120OR
1.3.8.7	ACOA140OR
1.3.8.7	ACOA160OR
1.3.8.7	ACOA40OR
1.3.8.7	ACOA80OR
1.3.8.7	ACOAD1f
1.3.8.7	ACOAD1fm
1.3.8.7	ACOAD3f
1.3.8.7	ACOAD5f
1.3.8.7	ACOAD6f
1.3.8.7	ACOAD7f
1.3.8.7	ACOAD8m
1.3.8.7	MBCOAi
1.3.8.7	PPCOAOm
1.3.98.1	DHORDfum
1.3.98.3	CPPPGO2
1.3.99.-	ACOA120OR
1.3.99.-	ACOA140OR
1.3.99.-	ACOA160OR
1.3.99.-	ACOA40OR
1.3.99.-	ACOA80OR
1.3.99.-	ACOAD1f
1.3.99.-	ACOAD1fm
1.3.99.-	ACOAD3f
1.3.99.-	ACOAD5f
1.3.99.-	ACOAD6f
1.3.99.-	ACOAD7f
1.3.99.-	SGOR
1.3.99.16	NOT_IN_BIGG_DATABASE
1.3.99.26	NOT_IN_BIGG_DATABASE
1.3.99.27	NOT_IN_BIGG_DATABASE
1.3.99.28	NOT_IN_BIGG_DATABASE
1.3.99.29	NOT_IN_BIGG_DATABASE
1.3.99.31	NOT_IN_BIGG_DATABASE
1.3.99.38	NOT_IN_BIGG_DATABASE
1.3.99.4	NOT_IN_BIGG_DATABASE
1.3.99.41	NOT_IN_BIGG_DATABASE
1.3.99.8	NOT_IN_BIGG_DATABASE
1.4.1.1	ALAD_L
1.4.1.13	GAM
1.4.1.13	GDH_nadp
1.4.1.13	GLUDy
1.4.1.13	GLUDym
1.4.1.13	GLUN
1.4.1.13	GLUNm
1.4.1.13	GLUNpp
1.4.1.13	GLUS_nadph
1.4.1.13	GLUSy
1.4.1.2	GDH
1.4.1.2	GDH1
1.4.1.2	GDHm
1.4.1.2	GLUDxi
1.4.1.21	ASPO2
1.4.1.21	ASPO2y
1.4.1.3	GDH
1.4.1.3	GDH1
1.4.1.3	GDH_nadp
1.4.1.3	GDHm
1.4.1.3	GLUDxi
1.4.1.3	GLUDy
1.4.1.3	GLUDym
1.4.1.4	GDH
1.4.1.4	GDH1
1.4.1.4	GDH_nadp
1.4.1.4	GDHm
1.4.1.4	GLUDxi
1.4.1.4	GLUDy
1.4.1.4	GLUDym
1.4.1.9	ILEDHr
1.4.1.9	LLEUDr
1.4.1.9	VALDHr
1.4.2.-	NOT_IN_BIGG_DATABASE
1.4.3.-	NOT_IN_BIGG_DATABASE
1.4.3.16	ASPO1
1.4.3.16	ASPO6
1.4.3.16	ASPO6_1
1.4.3.16	ASPOcm
1.4.3.16	ASPOcm_1
1.4.3.16	ASPOm
1.4.3.19	DALAOX
1.4.3.19	DALAOXx
1.4.3.19	GLYO1
1.4.3.19	GLYOp
1.4.3.21	42A12BOOX
1.4.3.21	42A12BOOXpp
1.4.3.21	5HOXINOXDA
1.4.3.21	AACTOOR
1.4.3.21	AMO
1.4.3.21	MAOX
1.4.3.21	NMPTRCOX
1.4.3.21	PEAMNO
1.4.3.21	PEAMNOpp
1.4.3.21	TRYPTAOX
1.4.3.21	TYROXDAc
1.4.3.21	TYROXDApp
1.4.3.5	PDX5POi
1.4.3.5	PYAM5PO
1.4.3.5	PYDXNO
1.4.3.5	PYDXO
1.4.3.5	PYDXO_1
1.4.3.5	TRYPTAOX
1.4.4.2	GCC2am
1.4.4.2	GCCa
1.4.4.2	GCCam
1.4.4.2	GLYCL
1.4.4.2	GLYCL_2
1.4.4.2	GLYCLm
1.4.4.2	GLYDHD
1.4.5.1	NOT_IN_BIGG_DATABASE
1.4.99.-	NOT_IN_BIGG_DATABASE
1.4.99.5	NOT_IN_BIGG_DATABASE
1.5.1.-	AMCOXO
1.5.1.-	FMNRx
1.5.1.-	FMNRx2
1.5.1.2	HPROa
1.5.1.2	HPROb
1.5.1.2	HPROx
1.5.1.2	HPROxm
1.5.1.2	HPROym
1.5.1.2	P5CR
1.5.1.2	P5CRm
1.5.1.2	P5CRx
1.5.1.2	P5CRxm
1.5.1.2	PRO1x
1.5.1.2	PRO1xm
1.5.1.2	PRO1y
1.5.1.20	MTHFO
1.5.1.20	MTHFO_nadp
1.5.1.20	MTHFR2
1.5.1.20	MTHFR2_1
1.5.1.20	MTHFR3
1.5.1.20	MTHFR3_1
1.5.1.21	1PPDCRc
1.5.1.21	1PPDCRp
1.5.1.3	DHFOR
1.5.1.3	DHFR
1.5.1.3	DHFR2i
1.5.1.3	DHFRim
1.5.1.3	FOLR2
1.5.1.3	FOLR2_1
1.5.1.3	THFOR1
1.5.1.3	THFOR2
1.5.1.3	r0512
1.5.1.3	r0514
1.5.1.36	FADRx
1.5.1.36	FLVRx
1.5.1.36	FMNRx
1.5.1.37	FADRx
1.5.1.38	FMNRx2
1.5.1.39	FMNRx
1.5.1.39	FMNRx2
1.5.1.40	NOT_IN_BIGG_DATABASE
1.5.1.41	FLVR
1.5.1.41	FLVR_1
1.5.1.41	FLVRx
1.5.1.41	FMNRx
1.5.1.42	FMNRx
1.5.1.47	NOT_IN_BIGG_DATABASE
1.5.1.49	NOT_IN_BIGG_DATABASE
1.5.1.5	MTHFD
1.5.1.5	MTHFD_1
1.5.1.5	MTHFDm
1.5.1.5	MTHFDm_1
1.5.1.50	NOT_IN_BIGG_DATABASE
1.5.1.51	NOT_IN_BIGG_DATABASE
1.5.1.54	NOT_IN_BIGG_DATABASE
1.5.3.-	NOT_IN_BIGG_DATABASE
1.5.3.1	SARCOX
1.5.3.1	SARCOXp
1.5.3.24	NOT_IN_BIGG_DATABASE
1.5.5.1	NOT_IN_BIGG_DATABASE
1.5.5.2	NOT_IN_BIGG_DATABASE
1.5.7.3	NOT_IN_BIGG_DATABASE
1.6.1.1	NADTRHD
1.6.1.1	NNOR
1.6.1.1	THD2
1.6.1.1	THD2pp
1.6.3.5	NOT_IN_BIGG_DATABASE
1.6.5.10	NOT_IN_BIGG_DATABASE
1.6.5.2	NOT_IN_BIGG_DATABASE
1.6.5.5	NOT_IN_BIGG_DATABASE
1.6.5.9	NOT_IN_BIGG_DATABASE
1.6.99.-	NOT_IN_BIGG_DATABASE
1.6.99.1	NOT_IN_BIGG_DATABASE
1.6.99.3	NADH2_u6cm
1.6.99.3	NADH2_u6m
1.7.1.13	CDGR
1.7.1.15	NTRIR2x
1.7.1.17	NOT_IN_BIGG_DATABASE
1.7.1.4	NTRIR2x
1.7.1.4	NTRIR2y
1.7.1.4	NTRIRy
1.7.1.7	GMPR
1.7.2.1	NOT_IN_BIGG_DATABASE
1.7.2.3	NOT_IN_BIGG_DATABASE
1.7.3.3	URAOX
1.7.3.3	URIC
1.7.3.3	URO
1.7.5.1	NOT_IN_BIGG_DATABASE
1.7.7.1	NO2R
1.7.7.1	NOR_syn
1.7.99.-	NOT_IN_BIGG_DATABASE
1.7.99.1	HAMR
1.8.1.-	NOT_IN_BIGG_DATABASE
1.8.1.15	DM_nadh
1.8.1.2	SULR
1.8.1.2	SULR_1
1.8.1.4	2OXOADOXm
1.8.1.4	AKGDH
1.8.1.4	AKGDm
1.8.1.4	GCC2cm
1.8.1.4	GCCc
1.8.1.4	GCCcm
1.8.1.4	GLYCL
1.8.1.4	GLYCL_2
1.8.1.4	GLYCLm
1.8.1.4	PDH
1.8.1.4	PDHcr
1.8.1.4	PDHe3hr
1.8.1.4	PDHm
1.8.1.7	GDR
1.8.1.7	GDR_nadp_h
1.8.1.7	GDRh
1.8.1.7	GDRm
1.8.1.7	GTHOm
1.8.1.7	GTHOr
1.8.1.8	NOT_IN_BIGG_DATABASE
1.8.1.9	TDSRh
1.8.1.9	TRDR
1.8.1.9	TRDRm
1.8.2.1	SULFOX
1.8.2.2	MSULR
1.8.2.3	NOT_IN_BIGG_DATABASE
1.8.2.6	NOT_IN_BIGG_DATABASE
1.8.3.1	SULO
1.8.3.1	SULOm
1.8.3.1	r0142
1.8.4.-	NOT_IN_BIGG_DATABASE
1.8.4.10	APSR
1.8.4.11	NOT_IN_BIGG_DATABASE
1.8.4.12	NOT_IN_BIGG_DATABASE
1.8.4.14	METSOXR1
1.8.4.14	METSOXR2
1.8.4.14	METSR_S1
1.8.4.8	PAPSR
1.8.4.8	PAPSR2
1.8.5.-	NOT_IN_BIGG_DATABASE
1.8.5.3	NOT_IN_BIGG_DATABASE
1.8.5.4	NOT_IN_BIGG_DATABASE
1.8.5.6	NOT_IN_BIGG_DATABASE
1.8.5.7	NOT_IN_BIGG_DATABASE
1.8.5.9	NOT_IN_BIGG_DATABASE
1.8.7.1	SELTORc
1.8.7.1	SELTORm
1.8.7.1	SULR_ferr
1.8.7.1	SULR_syn
1.8.99.-	NOT_IN_BIGG_DATABASE
1.9.3.1	CYOO2pp
1.9.3.1	CYOO3
1.9.3.1	CYOOm2
1.9.3.1	CYOOm2_cho
1.9.6.1	NOT_IN_BIGG_DATABASE
1.97.1.-	NOT_IN_BIGG_DATABASE
1.97.1.4	NOT_IN_BIGG_DATABASE
2.1.1.-	ARMT
2.1.1.-	CPC5MT
2.1.1.10	HCYSMT
2.1.1.10	HCYSMT2
2.1.1.107	UPP3MT
2.1.1.107	UPP3MT_1
2.1.1.107	UPP3MT_2
2.1.1.11	MPOMT
2.1.1.13	METS
2.1.1.13	METS_1
2.1.1.13	METSm
2.1.1.130	PC20M
2.1.1.132	CPC6MT
2.1.1.132	PC6YM
2.1.1.133	CPC4MT
2.1.1.133	PC11M
2.1.1.137	NOT_IN_BIGG_DATABASE
2.1.1.14	MHPGLUT
2.1.1.14	MS
2.1.1.144	ACONMT
2.1.1.148	TMDS3
2.1.1.151	CPC2MT
2.1.1.152	R05219
2.1.1.163	AMMQLT8
2.1.1.163	DMTPHT
2.1.1.163	URFGTT
2.1.1.166	NOT_IN_BIGG_DATABASE
2.1.1.17	NOT_IN_BIGG_DATABASE
2.1.1.170	NOT_IN_BIGG_DATABASE
2.1.1.171	NOT_IN_BIGG_DATABASE
2.1.1.172	NOT_IN_BIGG_DATABASE
2.1.1.173	NOT_IN_BIGG_DATABASE
2.1.1.174	NOT_IN_BIGG_DATABASE
2.1.1.176	NOT_IN_BIGG_DATABASE
2.1.1.177	NOT_IN_BIGG_DATABASE
2.1.1.178	NOT_IN_BIGG_DATABASE
2.1.1.181	NOT_IN_BIGG_DATABASE
2.1.1.182	NOT_IN_BIGG_DATABASE
2.1.1.185	NOT_IN_BIGG_DATABASE
2.1.1.186	NOT_IN_BIGG_DATABASE
2.1.1.187	NOT_IN_BIGG_DATABASE
2.1.1.189	NOT_IN_BIGG_DATABASE
2.1.1.190	NOT_IN_BIGG_DATABASE
2.1.1.191	NOT_IN_BIGG_DATABASE
2.1.1.192	NOT_IN_BIGG_DATABASE
2.1.1.193	NOT_IN_BIGG_DATABASE
2.1.1.195	CODSCL5BMT
2.1.1.196	NOT_IN_BIGG_DATABASE
2.1.1.197	NOT_IN_BIGG_DATABASE
2.1.1.198	NOT_IN_BIGG_DATABASE
2.1.1.199	NOT_IN_BIGG_DATABASE
2.1.1.200	NOT_IN_BIGG_DATABASE
2.1.1.201	OMBZLM
2.1.1.201	URFGTT
2.1.1.207	NOT_IN_BIGG_DATABASE
2.1.1.21	NOT_IN_BIGG_DATABASE
2.1.1.210	NOT_IN_BIGG_DATABASE
2.1.1.217	NOT_IN_BIGG_DATABASE
2.1.1.222	OHPHM
2.1.1.223	NOT_IN_BIGG_DATABASE
2.1.1.226	NOT_IN_BIGG_DATABASE
2.1.1.227	NOT_IN_BIGG_DATABASE
2.1.1.228	NOT_IN_BIGG_DATABASE
2.1.1.258	NOT_IN_BIGG_DATABASE
2.1.1.264	NOT_IN_BIGG_DATABASE
2.1.1.265	NOT_IN_BIGG_DATABASE
2.1.1.266	NOT_IN_BIGG_DATABASE
2.1.1.271	CODSCL4MT
2.1.1.289	NOT_IN_BIGG_DATABASE
2.1.1.297	NOT_IN_BIGG_DATABASE
2.1.1.298	NOT_IN_BIGG_DATABASE
2.1.1.33	NOT_IN_BIGG_DATABASE
2.1.1.34	NOT_IN_BIGG_DATABASE
2.1.1.37	CYTOM
2.1.1.37	DMT
2.1.1.37	DNAMTn
2.1.1.37	DNAMTn2r
2.1.1.44	NOT_IN_BIGG_DATABASE
2.1.1.45	TMDS
2.1.1.45	TMDSf
2.1.1.63	NOT_IN_BIGG_DATABASE
2.1.1.64	DMQMT
2.1.1.71	RE0066C
2.1.1.71	RE0066M
2.1.1.71	RE0066R
2.1.1.71	RE3511C
2.1.1.71	RE3511M
2.1.1.71	RE3511R
2.1.1.72	NOT_IN_BIGG_DATABASE
2.1.1.74	NOT_IN_BIGG_DATABASE
2.1.1.77	NOT_IN_BIGG_DATABASE
2.1.1.79	CFAS160E
2.1.1.79	CFAS160G
2.1.1.79	CFAS180E
2.1.1.79	CFAS180G
2.1.1.80	NOT_IN_BIGG_DATABASE
2.1.2.-	GART
2.1.2.1	GHMT2r
2.1.2.1	GHMT2rm
2.1.2.10	FOMETRi
2.1.2.10	GCC2
2.1.2.10	GCC2bim
2.1.2.10	GCCb
2.1.2.10	GCCbim
2.1.2.10	GLYCL
2.1.2.10	GLYCL_2
2.1.2.10	GLYCLm
2.1.2.10	MTAM
2.1.2.10	MTAM_nh4
2.1.2.10	THFAT
2.1.2.10	THFATm
2.1.2.11	2DHPFALDL
2.1.2.11	MOHMT
2.1.2.11	MTMOHT
2.1.2.2	FGFTh
2.1.2.2	FGFTm
2.1.2.2	FPGFTh
2.1.2.2	FPGFTm
2.1.2.2	GARFT
2.1.2.3	AICART
2.1.2.3	IMPC
2.1.2.9	FMETTRS
2.1.2.9	FMETTRS_1
2.1.2.9	FMETTRSm
2.1.3.-	NOT_IN_BIGG_DATABASE
2.1.3.15	NOT_IN_BIGG_DATABASE
2.1.3.2	ASPCT
2.1.3.2	ASPCT_1
2.1.3.2	ASPCTm
2.1.3.2	ASPCTn
2.1.3.3	OCBT
2.1.3.3	OCBT_1
2.1.3.3	OCBTm
2.1.3.3	OCT
2.1.3.3	OCTh
2.1.3.3	OCTm
2.1.3.9	NOT_IN_BIGG_DATABASE
2.1.4.1	GLYAMDTR
2.1.4.1	GLYAMDTRc
2.1.4.2	NOT_IN_BIGG_DATABASE
2.10.1.1	NOT_IN_BIGG_DATABASE
2.2.1.-	NOT_IN_BIGG_DATABASE
2.2.1.1	TKT1
2.2.1.1	TKT1h
2.2.1.1	TKT2
2.2.1.1	TKT2h
2.2.1.2	TALA
2.2.1.2	TAh
2.2.1.5	NOT_IN_BIGG_DATABASE
2.2.1.6	ACAS_2ahbut
2.2.1.6	ACHBS
2.2.1.6	ACHBSm
2.2.1.6	ACLS
2.2.1.6	ACLSm
2.2.1.6	APLh
2.2.1.6	APLm
2.2.1.6	PDHam1hi
2.2.1.6	PDHam1mi
2.2.1.6	PPATDh
2.2.1.7	DXPS
2.2.1.7	DXS
2.2.1.9	2S6HCCi
2.2.1.9	SEPHCHCS
2.3.1.-	3HAD100
2.3.1.-	3HAD100_1
2.3.1.-	3HAD120
2.3.1.-	3HAD120_1
2.3.1.-	3HAD140
2.3.1.-	3HAD140_1
2.3.1.-	3HAD160
2.3.1.-	3HAD160_1
2.3.1.-	3HAD180
2.3.1.-	3HAD180_1
2.3.1.-	3HAD40_1
2.3.1.-	3HAD60
2.3.1.-	3HAD60_1
2.3.1.-	3HAD80
2.3.1.-	3HAD80_1
2.3.1.-	3OAR100
2.3.1.-	3OAR100_1
2.3.1.-	3OAR120
2.3.1.-	3OAR120_1
2.3.1.-	3OAR140
2.3.1.-	3OAR140_1
2.3.1.-	3OAR160
2.3.1.-	3OAR160_1
2.3.1.-	3OAR40_1
2.3.1.-	3OAR60
2.3.1.-	3OAR60_1
2.3.1.-	3OAR80
2.3.1.-	3OAR80_1
2.3.1.-	ACOATA
2.3.1.-	ACOATA_1
2.3.1.-	ACOATAm
2.3.1.-	APATi
2.3.1.-	EAR100x
2.3.1.-	EAR100x_1
2.3.1.-	EAR120x
2.3.1.-	EAR120x_1
2.3.1.-	EAR140x
2.3.1.-	EAR140x_1
2.3.1.-	EAR40x
2.3.1.-	EAR40x_1
2.3.1.-	EAR60x
2.3.1.-	EAR60x_1
2.3.1.-	EAR80x
2.3.1.-	EAR80x_1
2.3.1.-	KAS14
2.3.1.-	KAS14_1
2.3.1.-	MCOATA
2.3.1.-	MCOATA_1
2.3.1.-	MCOATAm
2.3.1.-	THPAT
2.3.1.1	ACGS
2.3.1.1	ACGSm
2.3.1.1	RE2030M
2.3.1.101	NOT_IN_BIGG_DATABASE
2.3.1.102	NOT_IN_BIGG_DATABASE
2.3.1.109	AST
2.3.1.117	THDPS
2.3.1.118	NOT_IN_BIGG_DATABASE
2.3.1.12	PDH
2.3.1.12	PDHbr
2.3.1.12	PDHe2hr
2.3.1.12	PDHe2r
2.3.1.12	PDHm
2.3.1.12	r0555
2.3.1.129	UAGAAT
2.3.1.15	G3PAT120
2.3.1.15	G3PAT140
2.3.1.15	G3PAT141
2.3.1.15	G3PAT160
2.3.1.15	G3PAT160_1
2.3.1.15	G3PAT160h
2.3.1.15	G3PAT161
2.3.1.15	G3PAT180
2.3.1.15	G3PAT180h
2.3.1.15	G3PAT181
2.3.1.15	G3PAT181h
2.3.1.157	G1PACT
2.3.1.16	3OXCOAT
2.3.1.16	ACACT10m
2.3.1.16	ACACT2
2.3.1.16	ACACT2m
2.3.1.16	ACACT2r
2.3.1.16	ACACT4m
2.3.1.16	ACACT4p
2.3.1.16	ACACT4r
2.3.1.16	ACACT5r_1
2.3.1.16	ACACT6m
2.3.1.16	ACACT6p
2.3.1.16	ACACT6r
2.3.1.16	ACACT7m
2.3.1.16	ACACT7p
2.3.1.16	ACACT7r
2.3.1.16	KATp
2.3.1.16	MACCOAT
2.3.1.16	OGCOAAT
2.3.1.168	DHRT_2mbcoa
2.3.1.168	DHRT_ibcoa
2.3.1.168	DHRT_ivcoa
2.3.1.168	PDHbr
2.3.1.168	PDHe2hr
2.3.1.168	PDHe2r
2.3.1.168	r0555
2.3.1.168	r0604
2.3.1.168	r0656
2.3.1.174	3OXCOAT
2.3.1.179	3OAS181
2.3.1.179	3OAS181_1
2.3.1.179	ACOATA
2.3.1.179	ACOATA_1
2.3.1.179	ACOATAm
2.3.1.179	KAS14
2.3.1.179	KAS14_1
2.3.1.180	ACOATA
2.3.1.180	ACOATA_1
2.3.1.180	ACOATAm
2.3.1.180	KAS14
2.3.1.180	KAS14_1
2.3.1.180	KAS15
2.3.1.181	NOT_IN_BIGG_DATABASE
2.3.1.182	NOT_IN_BIGG_DATABASE
2.3.1.183	NOT_IN_BIGG_DATABASE
2.3.1.184	NOT_IN_BIGG_DATABASE
2.3.1.187	MACPT
2.3.1.191	U23GAAT
2.3.1.193	NOT_IN_BIGG_DATABASE
2.3.1.201	NOT_IN_BIGG_DATABASE
2.3.1.203	NOT_IN_BIGG_DATABASE
2.3.1.210	TDPADGAT
2.3.1.227	NOT_IN_BIGG_DATABASE
2.3.1.228	NOT_IN_BIGG_DATABASE
2.3.1.229	NOT_IN_BIGG_DATABASE
2.3.1.234	NOT_IN_BIGG_DATABASE
2.3.1.241	EDTXS1
2.3.1.242	NOT_IN_BIGG_DATABASE
2.3.1.243	EDTXS2
2.3.1.245	NOT_IN_BIGG_DATABASE
2.3.1.247	NOT_IN_BIGG_DATABASE
2.3.1.266	NOT_IN_BIGG_DATABASE
2.3.1.267	NOT_IN_BIGG_DATABASE
2.3.1.269	NOT_IN_BIGG_DATABASE
2.3.1.270	NOT_IN_BIGG_DATABASE
2.3.1.274	NOT_IN_BIGG_DATABASE
2.3.1.275	NOT_IN_BIGG_DATABASE
2.3.1.28	NOT_IN_BIGG_DATABASE
2.3.1.286	NOT_IN_BIGG_DATABASE
2.3.1.29	GLYAT
2.3.1.29	GLYATm
2.3.1.29	GLYATx
2.3.1.30	SAT
2.3.1.30	SATm
2.3.1.30	SERAT
2.3.1.304	NOT_IN_BIGG_DATABASE
2.3.1.31	HSERTA
2.3.1.312	NOT_IN_BIGG_DATABASE
2.3.1.313	NOT_IN_BIGG_DATABASE
2.3.1.317	NOT_IN_BIGG_DATABASE
2.3.1.318	NOT_IN_BIGG_DATABASE
2.3.1.319	NOT_IN_BIGG_DATABASE
2.3.1.35	ORNTAC
2.3.1.35	ORNTAC_1
2.3.1.35	ORNTACim
2.3.1.37	ALASm
2.3.1.37	APPLDHr
2.3.1.37	GLYAT
2.3.1.37	GLYATm
2.3.1.37	GLYATx
2.3.1.39	MCOATA
2.3.1.39	MCOATA_1
2.3.1.39	MCOATAm
2.3.1.40	2AGPEAT160
2.3.1.40	2AGPEAT180
2.3.1.41	3OAS121
2.3.1.41	3OAS141
2.3.1.41	3OAS161
2.3.1.41	3OAS180
2.3.1.41	3OAS180_1
2.3.1.41	ACOATA
2.3.1.41	ACOATA_1
2.3.1.41	ACOATAm
2.3.1.41	KAS1
2.3.1.41	KAS10
2.3.1.41	KAS11
2.3.1.41	KAS12
2.3.1.41	KAS13
2.3.1.41	KAS14
2.3.1.41	KAS14_1
2.3.1.41	KAS2
2.3.1.41	KAS3
2.3.1.41	KAS4
2.3.1.41	KAS5
2.3.1.41	KAS6
2.3.1.41	KAS8
2.3.1.41	KAS9
2.3.1.46	HSST
2.3.1.47	AOXSr
2.3.1.47	AOXSr2
2.3.1.5	NOT_IN_BIGG_DATABASE
2.3.1.51	AGPAT120
2.3.1.51	AGPAT140
2.3.1.51	AGPAT141
2.3.1.51	AGPAT160
2.3.1.51	AGPAT160h
2.3.1.51	AGPAT161
2.3.1.51	AGPAT180
2.3.1.51	AGPAT181
2.3.1.54	OBTFL
2.3.1.54	PCFPTh
2.3.1.54	PCFPTm
2.3.1.54	PFL
2.3.1.54	PFLACTm
2.3.1.54	PFLh
2.3.1.57	DIAT
2.3.1.57	PTRCAT1
2.3.1.57	RE1238X
2.3.1.57	SPMDAT1
2.3.1.57	SPMDAT2
2.3.1.61	2OXOADOXm
2.3.1.61	AKGDH
2.3.1.61	AKGDHe2r
2.3.1.61	AKGDb
2.3.1.61	AKGDbm
2.3.1.61	AKGDm
2.3.1.61	GLCOASYNT
2.3.1.61	r0556
2.3.1.61	r0557
2.3.1.79	GLCATr
2.3.1.79	MALTATr
2.3.1.8	PCPPTh
2.3.1.8	PCPPTm
2.3.1.8	PTA2
2.3.1.8	PTAr
2.3.1.8	PTArh
2.3.1.8	PTArm
2.3.1.9	ACACT10m
2.3.1.9	ACACT1m
2.3.1.9	ACACT1r
2.3.1.9	ACACT1x
2.3.1.9	ACACT2
2.3.1.9	ACACT2m
2.3.1.9	ACACT2r
2.3.1.9	ACACT3
2.3.1.9	ACACT3m
2.3.1.9	ACACT3r
2.3.1.9	ACACT4m
2.3.1.9	ACACT4p
2.3.1.9	ACACT4r
2.3.1.9	ACACT5m
2.3.1.9	ACACT5p
2.3.1.9	ACACT5r
2.3.1.9	ACACT6m
2.3.1.9	ACACT6p
2.3.1.9	ACACT6r
2.3.1.9	ACACT7m
2.3.1.9	ACACT7p
2.3.1.9	ACACT7r
2.3.1.9	KAT1
2.3.1.9	MACCOAT
2.3.2.-	GGT6
2.3.2.13	NOT_IN_BIGG_DATABASE
2.3.2.2	GTMLT
2.3.2.2	r0648
2.3.2.2	r0649
2.3.2.27	NOT_IN_BIGG_DATABASE
2.3.2.29	NOT_IN_BIGG_DATABASE
2.3.2.30	NOT_IN_BIGG_DATABASE
2.3.2.6	NOT_IN_BIGG_DATABASE
2.3.3.1	CS
2.3.3.1	CSm
2.3.3.1	CSp
2.3.3.13	IPPS
2.3.3.13	IPPSh
2.3.3.13	IPPSm
2.3.3.16	CS
2.3.3.16	CSm
2.3.3.16	CSp
2.3.3.20	NOT_IN_BIGG_DATABASE
2.3.3.5	MCITS
2.3.3.5	MCITSm
2.3.3.9	MALS
2.3.3.9	MALSh
2.3.3.9	MALSm
2.3.3.9	MALSp
2.4.1.-	B3GNT310g_cho
2.4.1.-	B3GNT315g_cho
2.4.1.-	FUT97g_cho
2.4.1.1	GLCP2
2.4.1.1	MLTP1
2.4.1.1	MLTP2
2.4.1.1	MLTP3
2.4.1.109	NOT_IN_BIGG_DATABASE
2.4.1.12	NOT_IN_BIGG_DATABASE
2.4.1.129	NOT_IN_BIGG_DATABASE
2.4.1.15	TRE6PS
2.4.1.15	UG6PGT
2.4.1.15	UG6PGTn
2.4.1.18	GLBRAN2
2.4.1.18	GLDBRAN2
2.4.1.180	ACMAMUT
2.4.1.182	LPADSS
2.4.1.187	NOT_IN_BIGG_DATABASE
2.4.1.21	GLCS1
2.4.1.227	UAGPT1
2.4.1.227	UAGPT2
2.4.1.227	UAGPT3
2.4.1.25	AMALT1
2.4.1.25	AMALT2
2.4.1.25	AMALT3
2.4.1.25	AMALT4
2.4.1.252	NOT_IN_BIGG_DATABASE
2.4.1.266	NOT_IN_BIGG_DATABASE
2.4.1.289	NOT_IN_BIGG_DATABASE
2.4.1.291	NOT_IN_BIGG_DATABASE
2.4.1.292	NOT_IN_BIGG_DATABASE
2.4.1.315	NOT_IN_BIGG_DATABASE
2.4.1.33	NOT_IN_BIGG_DATABASE
2.4.1.337	NOT_IN_BIGG_DATABASE
2.4.1.342	NOT_IN_BIGG_DATABASE
2.4.1.345	NOT_IN_BIGG_DATABASE
2.4.1.346	NOT_IN_BIGG_DATABASE
2.4.1.347	NOT_IN_BIGG_DATABASE
2.4.1.352	NOT_IN_BIGG_DATABASE
2.4.1.4	SUCR
2.4.1.4	SUCRe
2.4.1.80	UGCG_cho
2.4.1.80	UGCGc
2.4.2.-	IG3PS
2.4.2.-	IG3PS_1
2.4.2.-	IMGPSh
2.4.2.-	PUNP7
2.4.2.1	DURIPP
2.4.2.1	NP1
2.4.2.1	PNP
2.4.2.1	PUNP1
2.4.2.1	PUNP1m
2.4.2.1	PUNP2
2.4.2.1	PUNP3
2.4.2.1	PUNP3m
2.4.2.1	PUNP4
2.4.2.1	PUNP5
2.4.2.1	PUNP6
2.4.2.1	PUNP7
2.4.2.1	PUNP8
2.4.2.10	5FLURAPRT
2.4.2.10	ORPT
2.4.2.14	GLUPRT
2.4.2.14	PRDPARh
2.4.2.17	ATPPRT
2.4.2.18	ANPRT
2.4.2.18	ANTPPT
2.4.2.19	NNDPR
2.4.2.19	NNDPRm
2.4.2.2	DURIPP
2.4.2.2	PYNP1
2.4.2.2	PYNP2r
2.4.2.2	TMDPP
2.4.2.21	NNDMBRT
2.4.2.22	GPAR
2.4.2.22	GUAPRT
2.4.2.22	XPPT
2.4.2.28	MTAP
2.4.2.29	NOT_IN_BIGG_DATABASE
2.4.2.3	DURIPP
2.4.2.3	PYNP2r
2.4.2.4	DURIPP
2.4.2.4	PUNP4
2.4.2.4	PUNP6
2.4.2.4	TMDPP
2.4.2.43	NOT_IN_BIGG_DATABASE
2.4.2.52	TPRDCOAS
2.4.2.53	NOT_IN_BIGG_DATABASE
2.4.2.54	NOT_IN_BIGG_DATABASE
2.4.2.7	ADPT
2.4.2.7	ADPT2
2.4.2.7	GPAR
2.4.2.7	GUAPRT
2.4.2.7	r0051
2.4.2.8	6MPURPRT
2.4.2.8	ADPT
2.4.2.8	GPAR
2.4.2.8	GUAPRT
2.4.2.8	HXPRT
2.4.2.8	TGUAPRT
2.4.2.8	XPPT
2.4.2.8	r0051
2.4.2.9	UPPRT
2.4.99.12	MOAT
2.4.99.13	MOAT2
2.4.99.14	NOT_IN_BIGG_DATABASE
2.4.99.15	NOT_IN_BIGG_DATABASE
2.4.99.16	NOT_IN_BIGG_DATABASE
2.4.99.17	NOT_IN_BIGG_DATABASE
2.4.99.28	NOT_IN_BIGG_DATABASE
2.5.1.-	FT
2.5.1.-	HEMEOS
2.5.1.-	HEMEOS_1
2.5.1.-	HEMEOSm
2.5.1.-	HEMEOSm_1
2.5.1.-	HEXTT
2.5.1.-	PPTT
2.5.1.-	PPTTm
2.5.1.-	SHSL2
2.5.1.-	SHSL2h
2.5.1.-	SHSL2r
2.5.1.1	DMATT
2.5.1.1	DMATTx
2.5.1.1	GPPSh
2.5.1.10	FPPSh
2.5.1.10	GRTT
2.5.1.10	GRTTx
2.5.1.101	NOT_IN_BIGG_DATABASE
2.5.1.103	PSPPS
2.5.1.120	NOT_IN_BIGG_DATABASE
2.5.1.129	NOT_IN_BIGG_DATABASE
2.5.1.131	NOT_IN_BIGG_DATABASE
2.5.1.133	NOT_IN_BIGG_DATABASE
2.5.1.141	NOT_IN_BIGG_DATABASE
2.5.1.143	NOT_IN_BIGG_DATABASE
2.5.1.145	NOT_IN_BIGG_DATABASE
2.5.1.15	DHPS2
2.5.1.15	DHPS2_1
2.5.1.15	FOLD3
2.5.1.15	FOLD3_1
2.5.1.15	FOLD3m
2.5.1.16	APAPTm
2.5.1.16	APCS
2.5.1.16	ASAPT
2.5.1.16	SPMS
2.5.1.16	SPRMS
2.5.1.17	CBIAT
2.5.1.17	CBLAT
2.5.1.17	CBLAT_DELETE
2.5.1.17	CBLATm
2.5.1.17	CYRDAAT
2.5.1.18	NOT_IN_BIGG_DATABASE
2.5.1.19	PSCIT
2.5.1.19	PSCVT
2.5.1.3	TMPPP
2.5.1.30	NOT_IN_BIGG_DATABASE
2.5.1.31	UDCPDPS
2.5.1.32	PHYTES
2.5.1.39	HBZOPT
2.5.1.39	HBZOPT10m
2.5.1.39	HBZOPT6m
2.5.1.44	HSPMS
2.5.1.47	ACSERL
2.5.1.47	ACSERLh
2.5.1.47	ACSERLm
2.5.1.47	ACSERSULL
2.5.1.47	ACSERSULLh
2.5.1.47	ACSERSULLm
2.5.1.47	AHSERL4
2.5.1.47	CYSS
2.5.1.47	CYSS_1
2.5.1.47	CYSS_2
2.5.1.47	CYSS_trdrd
2.5.1.47	SLCYSS
2.5.1.48	ACHMSSELCYSL
2.5.1.48	ACHMSSELCYSLh
2.5.1.48	AHSL
2.5.1.48	CYSTS_1
2.5.1.48	METB1
2.5.1.48	SHSL1
2.5.1.48	SHSL1h
2.5.1.48	SHSL2
2.5.1.48	SHSL2h
2.5.1.48	SHSL2r
2.5.1.48	SHSL4h
2.5.1.48	SHSL4r
2.5.1.48	SUCHMSSELCYSL
2.5.1.48	SUCHMSSELCYSLh
2.5.1.49	AHAL
2.5.1.49	AHHST
2.5.1.49	AHSERL
2.5.1.49	AHSERL2
2.5.1.49	AHSERL4
2.5.1.49	CYSS_trdrd
2.5.1.54	DDPA
2.5.1.54	DDPAm
2.5.1.54	DPHS
2.5.1.55	KDOPS
2.5.1.6	MATm
2.5.1.6	METAT
2.5.1.6	SELMETAT
2.5.1.61	HMBS
2.5.1.61	PPBNGD
2.5.1.62	CHLASG
2.5.1.62	CHLASP
2.5.1.62	CHLBSP
2.5.1.62	CHPHYS
2.5.1.7	UAGCVT
2.5.1.72	QULNS
2.5.1.72	QULNS_1
2.5.1.74	DHNAOT4
2.5.1.75	NOT_IN_BIGG_DATABASE
2.5.1.78	DLDLBT
2.5.1.78	RBFSa
2.5.1.86	NOT_IN_BIGG_DATABASE
2.5.1.9	DLDLBT
2.5.1.9	RBFSa
2.5.1.9	RBFSb
2.5.1.9	RIBFS
2.5.1.90	OCTDPS
2.5.1.97	NOT_IN_BIGG_DATABASE
2.6.1.-	ADAPAT
2.6.1.1	3SALATAi
2.6.1.1	3SALATAim
2.6.1.1	AATC
2.6.1.1	AATG
2.6.1.1	AATGm
2.6.1.1	ASPATh
2.6.1.1	ASPTA
2.6.1.1	ASPTAm
2.6.1.1	ASPTAp
2.6.1.1	CYSAT
2.6.1.1	CYSATm
2.6.1.1	CYSTA
2.6.1.1	CYSTAm
2.6.1.1	LCYSTAT
2.6.1.1	LCYSTATm
2.6.1.1	PHETA1
2.6.1.1	PHETA1m
2.6.1.1	POATh
2.6.1.1	TYRTA
2.6.1.1	TYRTAh
2.6.1.1	TYRTAi
2.6.1.1	TYRTAim
2.6.1.1	TYRTAip
2.6.1.102	NOT_IN_BIGG_DATABASE
2.6.1.109	NOT_IN_BIGG_DATABASE
2.6.1.11	ACOTA
2.6.1.11	ACOTAim
2.6.1.112	NOT_IN_BIGG_DATABASE
2.6.1.113	NOT_IN_BIGG_DATABASE
2.6.1.13	ORNTA
2.6.1.13	ORNTA_1
2.6.1.13	ORNTArm
2.6.1.16	GF6PTA
2.6.1.16	GF6PTA_1
2.6.1.17	SDPTA
2.6.1.18	APATr
2.6.1.19	ABTA
2.6.1.19	ABTArm
2.6.1.19	APAT2rm
2.6.1.2	ALATA_L
2.6.1.2	ALATA_Lm
2.6.1.21	ALATA_D
2.6.1.30	NOT_IN_BIGG_DATABASE
2.6.1.37	AEPPYRTA
2.6.1.39	AATA
2.6.1.39	r0450
2.6.1.42	BCTA_glu_h
2.6.1.42	BCTA_val_h
2.6.1.42	BCTAh
2.6.1.42	ILETA
2.6.1.42	ILETAm
2.6.1.42	LEUTA
2.6.1.42	LEUTAi
2.6.1.42	LEUTAm
2.6.1.42	RE2034C
2.6.1.42	VALTA
2.6.1.42	VALTAim
2.6.1.44	AGTi
2.6.1.44	AGTim
2.6.1.44	AGTix
2.6.1.44	GLYTA
2.6.1.44	GLYTA_1
2.6.1.45	SGAT
2.6.1.45	SPT_syn
2.6.1.48	APTNAT
2.6.1.5	ARAT
2.6.1.5	PHETA1
2.6.1.5	PHETA1m
2.6.1.5	POATh
2.6.1.5	TYRTA
2.6.1.5	TYRTAh
2.6.1.5	TYRTAi
2.6.1.5	TYRTAim
2.6.1.5	TYRTAip
2.6.1.5	UNK3
2.6.1.51	SPTc
2.6.1.51	SPTix
2.6.1.52	OHPBAT
2.6.1.52	PSAT
2.6.1.52	PSERT
2.6.1.57	ARAT
2.6.1.57	PHETA1
2.6.1.57	PHETA1m
2.6.1.57	POATh
2.6.1.57	TYRTA
2.6.1.57	TYRTAh
2.6.1.57	TYRTAi
2.6.1.57	TYRTAim
2.6.1.57	TYRTAip
2.6.1.57	UNK3
2.6.1.59	TDPAGTA
2.6.1.62	AMAOTr
2.6.1.66	VPAMTr
2.6.1.76	DABAAT
2.6.1.77	NOT_IN_BIGG_DATABASE
2.6.1.81	SOTA
2.6.1.82	PTRCTA
2.6.1.82	RE0691C
2.6.1.83	LDAPAT
2.6.1.84	ARUH
2.6.1.85	ADCS
2.6.1.85	PABB
2.6.1.87	UDPKAAT
2.6.1.88	NOT_IN_BIGG_DATABASE
2.6.1.9	AOOAh
2.6.1.9	HSTPT
2.6.1.9	HSTPTr
2.6.1.9	PHETA1
2.6.1.9	PHETA1m
2.6.1.9	POATh
2.6.1.9	TYRTA
2.6.1.9	TYRTAh
2.6.1.9	TYRTAi
2.6.1.9	TYRTAim
2.6.1.9	TYRTAip
2.6.1.92	NOT_IN_BIGG_DATABASE
2.6.1.96	NOT_IN_BIGG_DATABASE
2.6.1.98	NOT_IN_BIGG_DATABASE
2.6.99.2	NOT_IN_BIGG_DATABASE
2.7.1.-	COBS
2.7.1.100	MTRK
2.7.1.107	DAGK160
2.7.1.107	DAGK160h
2.7.1.11	PFK
2.7.1.11	PFK_2
2.7.1.11	PFK_3
2.7.1.11	PFKh
2.7.1.113	DGNSK
2.7.1.113	DGNSKm
2.7.1.12	GNK
2.7.1.12	GNKh
2.7.1.12	GNKr
2.7.1.121	DHAPT
2.7.1.130	TDSK
2.7.1.144	PFK_2
2.7.1.148	CDPMEK
2.7.1.148	CMK
2.7.1.15	DRBK
2.7.1.15	RBK
2.7.1.156	ADOCBIK
2.7.1.16	RBK_Dr
2.7.1.16	RBK_L1
2.7.1.165	GLYCK2
2.7.1.166	NOT_IN_BIGG_DATABASE
2.7.1.167	NOT_IN_BIGG_DATABASE
2.7.1.168	NOT_IN_BIGG_DATABASE
2.7.1.17	XYLK
2.7.1.170	NOT_IN_BIGG_DATABASE
2.7.1.175	NOT_IN_BIGG_DATABASE
2.7.1.180	NOT_IN_BIGG_DATABASE
2.7.1.19	PRUK
2.7.1.19	PRUK_1
2.7.1.191	NOT_IN_BIGG_DATABASE
2.7.1.193	NOT_IN_BIGG_DATABASE
2.7.1.198	NOT_IN_BIGG_DATABASE
2.7.1.199	NOT_IN_BIGG_DATABASE
2.7.1.2	GLUK
2.7.1.2	GLUKA
2.7.1.2	GLUKAh
2.7.1.2	HEX1
2.7.1.2	r0355
2.7.1.20	ADNK1
2.7.1.20	ADNK1m
2.7.1.20	ADNK1n
2.7.1.200	NOT_IN_BIGG_DATABASE
2.7.1.209	NOT_IN_BIGG_DATABASE
2.7.1.21	DURIK1
2.7.1.21	DURIK1m
2.7.1.21	TMDK1
2.7.1.21	TMDK1m
2.7.1.217	NOT_IN_BIGG_DATABASE
2.7.1.219	NOT_IN_BIGG_DATABASE
2.7.1.221	NOT_IN_BIGG_DATABASE
2.7.1.23	NADK
2.7.1.23	NADK1
2.7.1.23	NADK2
2.7.1.23	NADK3
2.7.1.23	NADK4
2.7.1.23	NADK5
2.7.1.23	NADKm
2.7.1.24	DPCOAK
2.7.1.24	DPCOAKm
2.7.1.25	AASPh
2.7.1.25	AASPm
2.7.1.25	ADSELK
2.7.1.25	ADSK
2.7.1.25	ADSKn
2.7.1.26	RBFK
2.7.1.26	RBFKm
2.7.1.28	TRIOK
2.7.1.29	DHAK
2.7.1.30	GLYK
2.7.1.30	GLYKm
2.7.1.33	APCPT
2.7.1.33	APNPT
2.7.1.33	PNTK
2.7.1.33	PNTKm
2.7.1.33	r0579
2.7.1.33	r0679
2.7.1.33	r0680
2.7.1.35	PYDAMK
2.7.1.35	PYDXK
2.7.1.35	PYDXNK
2.7.1.39	HSK
2.7.1.39	HSK_1
2.7.1.4	ABFPT
2.7.1.4	ABFPTh
2.7.1.4	HEX7
2.7.1.40	AGPOP
2.7.1.40	AGPOPm
2.7.1.40	DAPOP
2.7.1.40	GTPOPm
2.7.1.40	PYK
2.7.1.40	PYK2
2.7.1.40	PYK3
2.7.1.40	PYK4
2.7.1.40	PYK5
2.7.1.40	PYKf
2.7.1.40	PYKm
2.7.1.40	r0280
2.7.1.45	DDGLK
2.7.1.47	RBK_Dr
2.7.1.48	CYTDK1
2.7.1.48	CYTDK2
2.7.1.48	CYTDK2m
2.7.1.48	DATCY
2.7.1.48	DATUP
2.7.1.48	DCTCP
2.7.1.48	DCTUP
2.7.1.48	DGTCY
2.7.1.48	DGTUP
2.7.1.48	DTTGY
2.7.1.48	DTTUP
2.7.1.48	DUTCP
2.7.1.48	DUTUP
2.7.1.48	ITCY
2.7.1.48	URIK1
2.7.1.48	URIK2
2.7.1.48	URIK3
2.7.1.48	UTCY
2.7.1.48	UTUP
2.7.1.49	HMPK1
2.7.1.5	RMK
2.7.1.50	HETZK
2.7.1.55	ALLK
2.7.1.58	DDGALK
2.7.1.59	ACGAMK
2.7.1.6	GALKh
2.7.1.6	GALKr
2.7.1.60	AMANK
2.7.1.63	NOT_IN_BIGG_DATABASE
2.7.1.66	NOT_IN_BIGG_DATABASE
2.7.1.71	SHKK
2.7.1.71	SKK
2.7.1.73	GSNK
2.7.1.73	GSNKm
2.7.1.73	INSK
2.7.1.73	INSKm
2.7.1.74	ADADir
2.7.1.74	ADNK1
2.7.1.74	ADNK1m
2.7.1.74	ADNK1n
2.7.1.74	DADNK
2.7.1.74	DADNKn
2.7.1.74	DCK1m
2.7.1.74	DCK1n
2.7.1.74	DCK2n
2.7.1.74	DGNSK
2.7.1.74	DGNSKm
2.7.1.8	HEX10
2.7.1.81	HOLYSK
2.7.1.83	NOT_IN_BIGG_DATABASE
2.7.1.85	NOT_IN_BIGG_DATABASE
2.7.1.89	TMK
2.7.1.90	PFK_ppi
2.7.1.92	D5KGK
2.7.10.-	NOT_IN_BIGG_DATABASE
2.7.10.3	NOT_IN_BIGG_DATABASE
2.7.11.-	NOT_IN_BIGG_DATABASE
2.7.11.1	NOT_IN_BIGG_DATABASE
2.7.11.32	NOT_IN_BIGG_DATABASE
2.7.11.33	NOT_IN_BIGG_DATABASE
2.7.11.5	NOT_IN_BIGG_DATABASE
2.7.13.3	NOT_IN_BIGG_DATABASE
2.7.2.-	2PGK
2.7.2.1	ACKr
2.7.2.1	ACKrh
2.7.2.1	ACKrm
2.7.2.11	GLU5K
2.7.2.11	GLU5Km
2.7.2.3	PGK
2.7.2.3	PGKf
2.7.2.3	PGKh
2.7.2.3	PGKm
2.7.2.4	ASPK
2.7.2.4	ASPK_1
2.7.2.8	ACGK
2.7.2.8	ACGKm
2.7.3.9	NOT_IN_BIGG_DATABASE
2.7.4.-	NOT_IN_BIGG_DATABASE
2.7.4.1	NOT_IN_BIGG_DATABASE
2.7.4.16	TMPK
2.7.4.22	UMPK
2.7.4.22	UMPKm
2.7.4.22	UMPKn
2.7.4.23	R15BPK
2.7.4.25	CYTK1
2.7.4.25	CYTK1m
2.7.4.25	CYTK1n
2.7.4.25	CYTK2
2.7.4.25	CYTK2m
2.7.4.25	CYTK2n
2.7.4.28	NOT_IN_BIGG_DATABASE
2.7.4.29	NOT_IN_BIGG_DATABASE
2.7.4.3	ADK1
2.7.4.3	ADK1m
2.7.4.3	ADK2
2.7.4.3	ATAMh
2.7.4.3	ATDAMh
2.7.4.3	ATDAMm
2.7.4.3	DADK
2.7.4.31	NOT_IN_BIGG_DATABASE
2.7.4.6	ATDGDm
2.7.4.6	ATGDm
2.7.4.6	ATP1ter
2.7.4.6	ATPtm
2.7.4.6	NDPK1
2.7.4.6	NDPK10
2.7.4.6	NDPK10m
2.7.4.6	NDPK10n
2.7.4.6	NDPK1m
2.7.4.6	NDPK1n
2.7.4.6	NDPK2
2.7.4.6	NDPK2m
2.7.4.6	NDPK2n
2.7.4.6	NDPK3
2.7.4.6	NDPK3m
2.7.4.6	NDPK3n
2.7.4.6	NDPK4
2.7.4.6	NDPK4m
2.7.4.6	NDPK4n
2.7.4.6	NDPK5
2.7.4.6	NDPK5m
2.7.4.6	NDPK5n
2.7.4.6	NDPK6
2.7.4.6	NDPK6m
2.7.4.6	NDPK6n
2.7.4.6	NDPK7
2.7.4.6	NDPK7m
2.7.4.6	NDPK7n
2.7.4.6	NDPK8
2.7.4.6	NDPK8m
2.7.4.6	NDPK8n
2.7.4.6	NDPK9
2.7.4.6	NDPK9m
2.7.4.6	NDPK9n
2.7.4.6	r0860
2.7.4.7	PMPK
2.7.4.8	DGK1
2.7.4.8	GK1
2.7.4.8	GK1m
2.7.4.8	GK2
2.7.4.9	DTMPK
2.7.4.9	DTMPKm
2.7.4.9	URIDK2m
2.7.4.9	URIDK2r
2.7.4.9	URIDK2rn
2.7.6.1	PRPPS
2.7.6.1	RPDPK
2.7.6.2	TMDPK
2.7.6.2	TMDPPK
2.7.6.3	HPPK2
2.7.6.5	GDPDPK
2.7.6.5	GTPDPK
2.7.6.5	GTPDPK_1
2.7.7.-	NOT_IN_BIGG_DATABASE
2.7.7.101	NOT_IN_BIGG_DATABASE
2.7.7.108	NOT_IN_BIGG_DATABASE
2.7.7.12	UGLT
2.7.7.13	MAN1PT
2.7.7.18	ANNAT
2.7.7.18	ANNATn
2.7.7.18	NMNAT
2.7.7.18	NMNATm
2.7.7.18	NMNATn
2.7.7.18	NNATm
2.7.7.18	NNATn
2.7.7.18	NNATr
2.7.7.19	NOT_IN_BIGG_DATABASE
2.7.7.2	AFAT
2.7.7.2	FMNAT
2.7.7.2	FMNATm
2.7.7.23	UAGDP
2.7.7.23	UDPACGLP
2.7.7.24	G1PTT
2.7.7.27	GLGC
2.7.7.27	GLPThi
2.7.7.3	APPAT
2.7.7.3	PTPATe
2.7.7.3	PTPATi
2.7.7.3	PTPATim
2.7.7.33	G1PCTYT
2.7.7.38	KDOCT2
2.7.7.39	G3PCT
2.7.7.4	SADT
2.7.7.4	SADT2
2.7.7.4	SADTn
2.7.7.4	SELADT
2.7.7.41	DASYN120
2.7.7.41	DASYN140
2.7.7.41	DASYN141
2.7.7.41	DASYN160
2.7.7.41	DASYN161
2.7.7.41	DASYN180
2.7.7.41	DASYN181
2.7.7.41	DASYN_HP
2.7.7.42	NOT_IN_BIGG_DATABASE
2.7.7.43	ACNMCT
2.7.7.43	CMPSASn
2.7.7.49	NOT_IN_BIGG_DATABASE
2.7.7.56	NOT_IN_BIGG_DATABASE
2.7.7.59	NOT_IN_BIGG_DATABASE
2.7.7.6	NOT_IN_BIGG_DATABASE
2.7.7.60	CMS
2.7.7.60	MEPCT
2.7.7.61	NOT_IN_BIGG_DATABASE
2.7.7.62	ACBIPGT
2.7.7.65	NOT_IN_BIGG_DATABASE
2.7.7.66	NOT_IN_BIGG_DATABASE
2.7.7.7	NOT_IN_BIGG_DATABASE
2.7.7.73	NOT_IN_BIGG_DATABASE
2.7.7.75	MPTAT
2.7.7.76	NOT_IN_BIGG_DATABASE
2.7.7.77	NOT_IN_BIGG_DATABASE
2.7.7.8	NOT_IN_BIGG_DATABASE
2.7.7.80	NOT_IN_BIGG_DATABASE
2.7.7.82	NOT_IN_BIGG_DATABASE
2.7.7.85	NOT_IN_BIGG_DATABASE
2.7.7.87	NOT_IN_BIGG_DATABASE
2.7.7.89	NOT_IN_BIGG_DATABASE
2.7.7.9	GALUi
2.7.7.99	NOT_IN_BIGG_DATABASE
2.7.8.-	NOT_IN_BIGG_DATABASE
2.7.8.13	PAPPT1
2.7.8.13	PAPPT2
2.7.8.13	PAPPT3
2.7.8.24	NOT_IN_BIGG_DATABASE
2.7.8.26	ADOCBLS
2.7.8.31	NOT_IN_BIGG_DATABASE
2.7.8.33	NOT_IN_BIGG_DATABASE
2.7.8.35	NOT_IN_BIGG_DATABASE
2.7.8.36	NOT_IN_BIGG_DATABASE
2.7.8.37	NOT_IN_BIGG_DATABASE
2.7.8.41	CLS_cho
2.7.8.42	NOT_IN_BIGG_DATABASE
2.7.8.5	PGSA120
2.7.8.5	PGSA160
2.7.8.5	PGSA161
2.7.8.5	PGSA180
2.7.8.5	PGSA181
2.7.8.5	PGSA_HP
2.7.8.7	ACPS1
2.7.8.7	ACPS1_1
2.7.8.7	ACPS1h
2.7.8.7	r0368
2.7.8.8	PSSA120
2.7.8.8	PSSA160
2.7.8.8	PSSA161
2.7.8.8	PSSA180
2.7.8.8	PSSA181
2.7.8.8	PSSA_HP
2.7.9.1	PPDK
2.7.9.1	PPDKh
2.7.9.2	PPS
2.7.9.3	SELNPS
2.7.9.3	SELNPS_cho
2.7.9.3	SLDK
2.8.1.-	NOT_IN_BIGG_DATABASE
2.8.1.1	CYANST
2.8.1.1	CYANSTm
2.8.1.1	CYANSTpp
2.8.1.10	NOT_IN_BIGG_DATABASE
2.8.1.12	NOT_IN_BIGG_DATABASE
2.8.1.13	NOT_IN_BIGG_DATABASE
2.8.1.2	MCPST
2.8.1.4	NOT_IN_BIGG_DATABASE
2.8.1.6	BTS3r
2.8.1.6	BTS4
2.8.1.6	BTS_1
2.8.1.6	BTSr
2.8.1.7	NOT_IN_BIGG_DATABASE
2.8.1.8	NOT_IN_BIGG_DATABASE
2.8.3.-	NOT_IN_BIGG_DATABASE
2.8.3.1	PPCSCT
2.8.3.16	FORCT
2.8.3.19	NOT_IN_BIGG_DATABASE
2.8.3.20	NOT_IN_BIGG_DATABASE
2.8.3.22	NOT_IN_BIGG_DATABASE
2.8.3.23	NOT_IN_BIGG_DATABASE
2.8.3.25	NOT_IN_BIGG_DATABASE
2.8.3.5	OCOAT1
2.8.3.5	OCOAT1m
2.8.3.6	3OADPCOAT
2.8.3.8	ACACCT
2.8.3.8	BUTCT
2.8.3.8	HXCT
2.8.4.3	NOT_IN_BIGG_DATABASE
2.8.4.4	NOT_IN_BIGG_DATABASE
2.8.4.5	NOT_IN_BIGG_DATABASE
2.9.1.1	SELCYSS
2.9.1.1	SLCS
3.1.1.-	ASCBPL
3.1.1.-	EGMESTr
3.1.1.1	LIDOAMH
3.1.1.1	MEGLYXYLAMH
3.1.1.106	NOT_IN_BIGG_DATABASE
3.1.1.11	NOT_IN_BIGG_DATABASE
3.1.1.110	NOT_IN_BIGG_DATABASE
3.1.1.17	DASCBH
3.1.1.17	DASCBH_cho
3.1.1.17	GLNLASEer
3.1.1.2	NOT_IN_BIGG_DATABASE
3.1.1.24	OXOAEL
3.1.1.29	NOT_IN_BIGG_DATABASE
3.1.1.3	NOT_IN_BIGG_DATABASE
3.1.1.31	PGL
3.1.1.31	PGLer
3.1.1.31	PGLh
3.1.1.32	PLIPA1A120pp
3.1.1.32	PLIPA1A140pp
3.1.1.32	PLIPA1A141pp
3.1.1.32	PLIPA1A160pp
3.1.1.32	PLIPA1A180pp
3.1.1.32	PLIPA1E160
3.1.1.32	PLIPA1E160pp
3.1.1.32	PLIPA1E180
3.1.1.32	PLIPA1E180pp
3.1.1.4	PLIPA2A120pp
3.1.1.4	PLIPA2A140pp
3.1.1.4	PLIPA2A141pp
3.1.1.4	PLIPA2A160pp
3.1.1.4	PLIPA2A180pp
3.1.1.41	NOT_IN_BIGG_DATABASE
3.1.1.45	NOT_IN_BIGG_DATABASE
3.1.1.5	LPLIPAL1A120pp
3.1.1.5	LPLIPAL1A140pp
3.1.1.5	LPLIPAL1A141pp
3.1.1.5	LPLIPAL1A160pp
3.1.1.5	LPLIPAL1A180pp
3.1.1.5	LPLIPAL2A120
3.1.1.5	LPLIPAL2A140
3.1.1.5	LPLIPAL2A141
3.1.1.5	LPLIPAL2A160
3.1.1.5	LPLIPAL2A180
3.1.1.5	LPLIPAL2E160
3.1.1.5	LPLIPAL2E180
3.1.1.57	NOT_IN_BIGG_DATABASE
3.1.1.61	NOT_IN_BIGG_DATABASE
3.1.1.75	NOT_IN_BIGG_DATABASE
3.1.1.81	NOT_IN_BIGG_DATABASE
3.1.1.83	NOT_IN_BIGG_DATABASE
3.1.1.85	PMEACPE
3.1.1.96	NOT_IN_BIGG_DATABASE
3.1.11.-	NOT_IN_BIGG_DATABASE
3.1.11.1	NOT_IN_BIGG_DATABASE
3.1.11.2	NOT_IN_BIGG_DATABASE
3.1.11.5	NOT_IN_BIGG_DATABASE
3.1.11.6	NOT_IN_BIGG_DATABASE
3.1.13.-	NOT_IN_BIGG_DATABASE
3.1.13.1	NOT_IN_BIGG_DATABASE
3.1.13.5	NOT_IN_BIGG_DATABASE
3.1.2.-	PHACTE
3.1.2.-	PTE5x
3.1.2.12	SFGTHi
3.1.2.2	FACOAE100
3.1.2.2	FACOAE120
3.1.2.2	FACOAE140
3.1.2.2	FACOAE160
3.1.2.2	FACOAE180
3.1.2.2	FACOAE1829Z12Z
3.1.2.2	FACOAE1836Z9Z12Z
3.1.2.2	FACOAE1839Z12Z15Z
3.1.2.2	PTE10x
3.1.2.2	PTE11x
3.1.2.2	PTE2x
3.1.2.2	PTE7x
3.1.2.2	PTE8x
3.1.2.2	RE0344M
3.1.2.28	NOT_IN_BIGG_DATABASE
3.1.2.29	NOT_IN_BIGG_DATABASE
3.1.2.30	NOT_IN_BIGG_DATABASE
3.1.2.4	3HBCOAHL
3.1.2.4	3HBCOAHLm
3.1.2.4	3HPCOAHYD
3.1.2.4	HIBH
3.1.2.4	HIBHr
3.1.2.4	r0596
3.1.2.6	GLYOX
3.1.2.6	GLYOXm
3.1.21.-	NOT_IN_BIGG_DATABASE
3.1.21.1	NOT_IN_BIGG_DATABASE
3.1.21.10	NOT_IN_BIGG_DATABASE
3.1.21.2	NOT_IN_BIGG_DATABASE
3.1.21.7	NOT_IN_BIGG_DATABASE
3.1.22.-	NOT_IN_BIGG_DATABASE
3.1.22.4	NOT_IN_BIGG_DATABASE
3.1.25.-	NOT_IN_BIGG_DATABASE
3.1.26.-	NOT_IN_BIGG_DATABASE
3.1.26.11	NOT_IN_BIGG_DATABASE
3.1.26.12	NOT_IN_BIGG_DATABASE
3.1.26.3	NOT_IN_BIGG_DATABASE
3.1.26.4	NOT_IN_BIGG_DATABASE
3.1.26.5	NOT_IN_BIGG_DATABASE
3.1.27.-	NOT_IN_BIGG_DATABASE
3.1.3.-	AUS
3.1.3.-	NADPPPS
3.1.3.-	NADPPPSm
3.1.3.-	NMNHYD
3.1.3.-	NMNR
3.1.3.-	NT5C
3.1.3.-	PAN4PP
3.1.3.-	PAN4PPe
3.1.3.-	PMDPHT
3.1.3.-	SBPP1
3.1.3.-	SBPP1er
3.1.3.1	AKP1
3.1.3.1	AKP1_1
3.1.3.1	ALKP
3.1.3.1	NADPPPS
3.1.3.1	NADPPPSm
3.1.3.1	r0242
3.1.3.1	r0707
3.1.3.10	ACGAL1PPpp
3.1.3.10	ACGAM1PPpp
3.1.3.10	G1PP
3.1.3.10	G1PPpp
3.1.3.104	AUS
3.1.3.104	PMDPHT
3.1.3.105	NOT_IN_BIGG_DATABASE
3.1.3.11	BFBP
3.1.3.11	BFBPh
3.1.3.11	FBP
3.1.3.11	SBP
3.1.3.11	SBP_1
3.1.3.12	TRE6PP
3.1.3.15	HISTP
3.1.3.15	HP
3.1.3.15	HPh
3.1.3.16	NOT_IN_BIGG_DATABASE
3.1.3.18	PGLYCP
3.1.3.18	PGLYCPh
3.1.3.18	PGLYCPx
3.1.3.2	ACP1_FMN
3.1.3.2	ACP1e
3.1.3.2	ALKP
3.1.3.2	ATPH2e
3.1.3.2	G3PT
3.1.3.2	NADPPPS
3.1.3.2	NADPPPSm
3.1.3.2	NDP1
3.1.3.2	NDP7
3.1.3.2	NDP7er
3.1.3.2	NDP7ex
3.1.3.2	NDP7g
3.1.3.2	NDP8ex
3.1.3.2	NTP7
3.1.3.2	THMDP
3.1.3.2	THMDPe
3.1.3.2	THMP
3.1.3.2	THMPe
3.1.3.2	r0242
3.1.3.22	NOT_IN_BIGG_DATABASE
3.1.3.23	NOT_IN_BIGG_DATABASE
3.1.3.25	MI1PP
3.1.3.25	MI3PP
3.1.3.25	MI4PP
3.1.3.27	PGPP120
3.1.3.27	PGPP120pp
3.1.3.27	PGPP160
3.1.3.27	PGPP160pp
3.1.3.27	PGPP161
3.1.3.27	PGPP161pp
3.1.3.27	PGPP180
3.1.3.27	PGPP180pp
3.1.3.27	PGPP181
3.1.3.27	PGPP181pp
3.1.3.27	PGPP_EC
3.1.3.27	PGPP_HP
3.1.3.3	PSP
3.1.3.3	PSP_D
3.1.3.3	PSP_L
3.1.3.3	PSP_Lpp
3.1.3.37	SBP
3.1.3.37	SBP_1
3.1.3.45	KDOPP
3.1.3.48	NOT_IN_BIGG_DATABASE
3.1.3.5	GMP5N
3.1.3.5	NDP4
3.1.3.5	NMNHYD
3.1.3.5	NMNR
3.1.3.5	NT5C
3.1.3.5	NTD1
3.1.3.5	NTD10
3.1.3.5	NTD10pp
3.1.3.5	NTD11
3.1.3.5	NTD11pp
3.1.3.5	NTD1m
3.1.3.5	NTD1pp
3.1.3.5	NTD2
3.1.3.5	NTD2e
3.1.3.5	NTD2l
3.1.3.5	NTD2m
3.1.3.5	NTD2pp
3.1.3.5	NTD3
3.1.3.5	NTD3l
3.1.3.5	NTD3pp
3.1.3.5	NTD4
3.1.3.5	NTD4e
3.1.3.5	NTD4l
3.1.3.5	NTD4pp
3.1.3.5	NTD5
3.1.3.5	NTD5l
3.1.3.5	NTD5m
3.1.3.5	NTD5pp
3.1.3.5	NTD6
3.1.3.5	NTD6l
3.1.3.5	NTD6pp
3.1.3.5	NTD7
3.1.3.5	NTD7e
3.1.3.5	NTD7l
3.1.3.5	NTD7pp
3.1.3.5	NTD8
3.1.3.5	NTD8l
3.1.3.5	NTD8pp
3.1.3.5	NTD9
3.1.3.5	NTD9e
3.1.3.5	NTD9l
3.1.3.5	NTD9pp
3.1.3.5	r0047
3.1.3.50	NOT_IN_BIGG_DATABASE
3.1.3.6	3NTD2pp
3.1.3.6	3NTD4pp
3.1.3.6	3NTD7l
3.1.3.6	3NTD7pp
3.1.3.6	3NTD9pp
3.1.3.6	3NUCLE1
3.1.3.6	3NUCLE2
3.1.3.6	3NUCLE3
3.1.3.6	3NUCLE4
3.1.3.68	2DOXG6PP
3.1.3.7	BPNT
3.1.3.7	BPNT2
3.1.3.70	NOT_IN_BIGG_DATABASE
3.1.3.71	NOT_IN_BIGG_DATABASE
3.1.3.73	RZ5PP
3.1.3.74	HYPOE
3.1.3.74	PDXPP
3.1.3.74	PYDXPP
3.1.3.8	NOT_IN_BIGG_DATABASE
3.1.3.82	NOT_IN_BIGG_DATABASE
3.1.3.83	NOT_IN_BIGG_DATABASE
3.1.3.87	2OH3K5MPPISO
3.1.3.89	NTD1
3.1.3.89	NTD1m
3.1.3.89	NTD1pp
3.1.3.89	NTD3
3.1.3.89	NTD3l
3.1.3.89	NTD3pp
3.1.3.89	NTD5
3.1.3.89	NTD5l
3.1.3.89	NTD5m
3.1.3.89	NTD5pp
3.1.3.89	NTD6
3.1.3.89	NTD6l
3.1.3.89	NTD6pp
3.1.3.89	NTD8
3.1.3.89	NTD8l
3.1.3.89	NTD8pp
3.1.31.-	NOT_IN_BIGG_DATABASE
3.1.4.-	NOT_IN_BIGG_DATABASE
3.1.4.14	ACPpds
3.1.4.14	r0366
3.1.4.16	23CN2P1
3.1.4.16	23CN2P2
3.1.4.16	23CN2P3
3.1.4.16	23CN2P4
3.1.4.16	23PDE2pp
3.1.4.16	23PDE4pp
3.1.4.16	23PDE7pp
3.1.4.16	23PDE9pp
3.1.4.16	RE1860E
3.1.4.3	NOT_IN_BIGG_DATABASE
3.1.4.46	GPDDA1
3.1.4.46	GPDDA1pp
3.1.4.46	GPDDA2
3.1.4.46	GPDDA2pp
3.1.4.46	GPDDA3
3.1.4.46	GPDDA3pp
3.1.4.46	GPDDA4
3.1.4.46	GPDDA4pp
3.1.4.52	NOT_IN_BIGG_DATABASE
3.1.4.53	APNn
3.1.4.53	PDE1
3.1.4.53	PDE1g
3.1.4.54	NOT_IN_BIGG_DATABASE
3.1.4.55	NOT_IN_BIGG_DATABASE
3.1.4.58	NOT_IN_BIGG_DATABASE
3.1.5.1	NTPTP1
3.1.6.-	NOT_IN_BIGG_DATABASE
3.1.6.1	NOT_IN_BIGG_DATABASE
3.1.6.6	CHOLSH
3.1.7.2	GDPTPDP
3.1.7.2	PPGPPDP
3.11.1.1	PALDH
3.13.1.6	NOT_IN_BIGG_DATABASE
3.13.2.1	NOT_IN_BIGG_DATABASE
3.2.1.-	NOT_IN_BIGG_DATABASE
3.2.1.1	AAMYL_1
3.2.1.10	MLTG7
3.2.1.10	SUCR
3.2.1.10	SUCRe
3.2.1.10	r0390
3.2.1.141	NOT_IN_BIGG_DATABASE
3.2.1.165	NOT_IN_BIGG_DATABASE
3.2.1.17	NOT_IN_BIGG_DATABASE
3.2.1.172	NOT_IN_BIGG_DATABASE
3.2.1.177	NOT_IN_BIGG_DATABASE
3.2.1.18	NOT_IN_BIGG_DATABASE
3.2.1.184	NOT_IN_BIGG_DATABASE
3.2.1.196	NOT_IN_BIGG_DATABASE
3.2.1.20	AATHA
3.2.1.20	DGGH
3.2.1.20	MALT
3.2.1.20	MALTe
3.2.1.20	MALTly
3.2.1.20	MLTG1
3.2.1.20	MLTG1e
3.2.1.20	MLTG1ly
3.2.1.20	MLTG3
3.2.1.20	MLTG4
3.2.1.20	MLTG5
3.2.1.20	RE0926E
3.2.1.20	RE0935E
3.2.1.20	RE0944E
3.2.1.20	SAGH
3.2.1.20	SGHA
3.2.1.20	SUCR
3.2.1.20	SUCRe
3.2.1.21	BDG2HCGHD
3.2.1.21	BGLA
3.2.1.21	BG_CELLB
3.2.1.21	BG_MADG
3.2.1.21	BG_MBDG
3.2.1.21	CLBH
3.2.1.21	SALCNH
3.2.1.22	DGGH
3.2.1.22	EMGH
3.2.1.22	EPMGH
3.2.1.22	GALIGH
3.2.1.22	GALS1
3.2.1.22	GALS2
3.2.1.22	GALS3
3.2.1.22	GALS4
3.2.1.22	GGGH
3.2.1.22	GGLGH
3.2.1.22	MELTGH
3.2.1.22	MGHB
3.2.1.22	MLGH
3.2.1.22	MTGH
3.2.1.22	OAGMIG
3.2.1.22	RAFGH
3.2.1.22	RGH
3.2.1.22	STACHGALACT
3.2.1.22	SYGH
3.2.1.22	r0627
3.2.1.23	LACZ
3.2.1.23	LACZe
3.2.1.23	LACZly
3.2.1.23	LACZpp
3.2.1.23	LCGH
3.2.1.23	r0737
3.2.1.25	NOT_IN_BIGG_DATABASE
3.2.1.26	BFFS
3.2.1.26	FFSD
3.2.1.26	GALS4
3.2.1.26	RAFH
3.2.1.26	RAFHpp
3.2.1.26	SAGH
3.2.1.26	SGHA
3.2.1.26	STACHGALACT
3.2.1.26	SUCR
3.2.1.26	SUCRe
3.2.1.26	SYGH
3.2.1.28	AATHA
3.2.1.28	AATHB
3.2.1.28	TREH
3.2.1.28	TREHe
3.2.1.28	TREHpp
3.2.1.28	TREHv
3.2.1.31	NOT_IN_BIGG_DATABASE
3.2.1.37	NOT_IN_BIGG_DATABASE
3.2.1.4	NOT_IN_BIGG_DATABASE
3.2.1.52	AHEXASE3
3.2.1.52	HXAD
3.2.1.52	r0013
3.2.1.55	NOT_IN_BIGG_DATABASE
3.2.1.68	NOT_IN_BIGG_DATABASE
3.2.1.74	BGLA
3.2.1.74	BG_CELLB
3.2.1.74	CLBH
3.2.1.74	MLTG3
3.2.1.74	RE0926E
3.2.1.8	NOT_IN_BIGG_DATABASE
3.2.1.80	NOT_IN_BIGG_DATABASE
3.2.1.86	6PHBG
3.2.1.86	AB6PGH
3.2.1.86	CLB6PH
3.2.1.86	S6PG
3.2.1.89	NOT_IN_BIGG_DATABASE
3.2.1.93	TRE6PH
3.2.2.-	NOT_IN_BIGG_DATABASE
3.2.2.19	NOT_IN_BIGG_DATABASE
3.2.2.20	NOT_IN_BIGG_DATABASE
3.2.2.21	NOT_IN_BIGG_DATABASE
3.2.2.23	NOT_IN_BIGG_DATABASE
3.2.2.27	NOT_IN_BIGG_DATABASE
3.2.2.28	NOT_IN_BIGG_DATABASE
3.2.2.30	NOT_IN_BIGG_DATABASE
3.2.2.31	NOT_IN_BIGG_DATABASE
3.2.2.4	AMPN
3.2.2.8	ADNUC
3.2.2.8	CYTDH
3.2.2.8	GNNUC
3.2.2.8	INSH
3.2.2.9	AHCYSNS
3.2.2.9	MTAN
3.3.1.1	ADSHm
3.3.1.1	AHCi
3.3.1.1	SEAHCYSHYD
3.3.1.1	SEAHCYSHYD_1
3.3.2.1	ICHORT
3.4.11.-	NOT_IN_BIGG_DATABASE
3.4.11.1	AMPTASECG
3.4.11.1	AMPTASECGe
3.4.11.1	LEUGLYHYc
3.4.11.18	NOT_IN_BIGG_DATABASE
3.4.11.19	NOT_IN_BIGG_DATABASE
3.4.11.2	AMPTASECG
3.4.11.2	AMPTASECGe
3.4.11.2	GLYLEUHYDROc
3.4.11.2	GLYPHEHYc
3.4.11.23	AMPTASECG
3.4.11.23	AMPTASECGe
3.4.11.4	NOT_IN_BIGG_DATABASE
3.4.11.5	NOT_IN_BIGG_DATABASE
3.4.11.6	NOT_IN_BIGG_DATABASE
3.4.11.9	NOT_IN_BIGG_DATABASE
3.4.13.-	AMPTASECG
3.4.13.-	AMPTASECGe
3.4.13.18	AABHH
3.4.13.18	AMPTASECG
3.4.13.18	AMPTASECGe
3.4.13.18	GLYPROPRO1c
3.4.13.18	LALGP
3.4.13.18	r0466
3.4.13.19	NOT_IN_BIGG_DATABASE
3.4.13.21	NOT_IN_BIGG_DATABASE
3.4.13.22	ALAALAD
3.4.13.22	ALAALAD_1
3.4.13.22	DAAOP
3.4.13.9	NOT_IN_BIGG_DATABASE
3.4.14.-	NOT_IN_BIGG_DATABASE
3.4.14.12	NOT_IN_BIGG_DATABASE
3.4.14.13	NOT_IN_BIGG_DATABASE
3.4.15.5	NOT_IN_BIGG_DATABASE
3.4.16.-	NOT_IN_BIGG_DATABASE
3.4.16.4	MDDCP1ex
3.4.16.4	MDDCP1pp
3.4.16.4	MDDCP2ex
3.4.16.4	MDDCP2pp
3.4.16.4	MDDCP3ex
3.4.16.4	MDDCP3pp
3.4.16.4	MDDCP4ex
3.4.16.4	MDDCP4pp
3.4.16.4	MDDCP5ex
3.4.16.4	MDDCP5pp
3.4.17.-	NOT_IN_BIGG_DATABASE
3.4.17.11	THFGLUH
3.4.17.13	MLDCP1App
3.4.17.13	MLDCP1Bpp
3.4.17.13	MLDCP2App
3.4.17.13	MLDCP2Bpp
3.4.17.13	MLDCP3App
3.4.17.19	NOT_IN_BIGG_DATABASE
3.4.19.13	GGTAe2
3.4.19.13	GTHRDH_syn
3.4.19.13	GTHRDHpp
3.4.19.3	NOT_IN_BIGG_DATABASE
3.4.19.5	NOT_IN_BIGG_DATABASE
3.4.21.-	NOT_IN_BIGG_DATABASE
3.4.21.102	NOT_IN_BIGG_DATABASE
3.4.21.105	NOT_IN_BIGG_DATABASE
3.4.21.107	NOT_IN_BIGG_DATABASE
3.4.21.53	NOT_IN_BIGG_DATABASE
3.4.21.83	NOT_IN_BIGG_DATABASE
3.4.21.88	NOT_IN_BIGG_DATABASE
3.4.21.89	NOT_IN_BIGG_DATABASE
3.4.21.92	NOT_IN_BIGG_DATABASE
3.4.22.70	NOT_IN_BIGG_DATABASE
3.4.23.-	NOT_IN_BIGG_DATABASE
3.4.23.36	NOT_IN_BIGG_DATABASE
3.4.23.43	NOT_IN_BIGG_DATABASE
3.4.23.51	NOT_IN_BIGG_DATABASE
3.4.24.-	NOT_IN_BIGG_DATABASE
3.4.24.55	NOT_IN_BIGG_DATABASE
3.4.24.70	NOT_IN_BIGG_DATABASE
3.4.25.1	NOT_IN_BIGG_DATABASE
3.4.25.2	NOT_IN_BIGG_DATABASE
3.5.1.-	3AMACHYD
3.5.1.-	GSPMDA
3.5.1.-	NADN
3.5.1.-	NADNe
3.5.1.-	NADNm
3.5.1.1	ASNN
3.5.1.1	ASNNe
3.5.1.1	ASNNm
3.5.1.1	ASNNpp
3.5.1.1	ASPSE
3.5.1.10	FTHFD
3.5.1.105	NOT_IN_BIGG_DATABASE
3.5.1.108	UHGADA
3.5.1.11	AMID2
3.5.1.11	PENAM
3.5.1.110	CBMD
3.5.1.110	URACPAH
3.5.1.124	NOT_IN_BIGG_DATABASE
3.5.1.125	NOT_IN_BIGG_DATABASE
3.5.1.126	NOT_IN_BIGG_DATABASE
3.5.1.128	NOT_IN_BIGG_DATABASE
3.5.1.13	NOT_IN_BIGG_DATABASE
3.5.1.131	NOT_IN_BIGG_DATABASE
3.5.1.16	ACODA
3.5.1.16	ACODA_1
3.5.1.18	SDPDS
3.5.1.19	NNAM
3.5.1.19	NNAMrm
3.5.1.2	GAM
3.5.1.2	GLUN
3.5.1.2	GLUNm
3.5.1.2	GLUNpp
3.5.1.25	AGDC
3.5.1.28	AMAA
3.5.1.32	NBAH
3.5.1.38	ASNN
3.5.1.38	ASNNe
3.5.1.38	ASNNm
3.5.1.38	ASNNpp
3.5.1.38	ASPSE
3.5.1.38	GAM
3.5.1.38	GLUN
3.5.1.38	GLUNm
3.5.1.38	GLUNpp
3.5.1.4	AMID
3.5.1.4	AMID2
3.5.1.4	AMID3
3.5.1.4	AMID4
3.5.1.4	AMID5
3.5.1.4	AMID_1
3.5.1.42	NMNDA
3.5.1.44	NOT_IN_BIGG_DATABASE
3.5.1.49	FORA
3.5.1.49	FORAMD
3.5.1.49	FORAMDx
3.5.1.5	UREA
3.5.1.54	ALPHNH
3.5.1.54	ALPHm
3.5.1.6	AFLBURPPAAMH
3.5.1.6	BUPN
3.5.1.6	UPPN
3.5.1.87	NOT_IN_BIGG_DATABASE
3.5.1.88	NOT_IN_BIGG_DATABASE
3.5.1.9	FKYNH
3.5.1.94	GGGABAH
3.5.1.96	SGDS
3.5.1.97	NOT_IN_BIGG_DATABASE
3.5.2.-	NOT_IN_BIGG_DATABASE
3.5.2.10	CRTNh
3.5.2.15	NOT_IN_BIGG_DATABASE
3.5.2.17	HIUH
3.5.2.17	HURH
3.5.2.2	56DH5FLURAAMH
3.5.2.2	DHPD
3.5.2.2	DHPM1
3.5.2.2	DHPM2
3.5.2.3	DHORTS
3.5.2.3	DHORTSn
3.5.2.3	DHR
3.5.2.5	ALLTN
3.5.2.5	ATNAH
3.5.2.6	BLACT
3.5.2.7	IZPN
3.5.2.7	IZPN_1
3.5.2.9	OPAH
3.5.3.1	ARGN
3.5.3.1	ARGN_1
3.5.3.1	ARGNm
3.5.3.11	AGMT
3.5.3.11	AGMTm
3.5.3.12	AGDI
3.5.3.12	AGDIn
3.5.3.12	AGMDA
3.5.3.17	NOT_IN_BIGG_DATABASE
3.5.3.23	SADH
3.5.3.26	NOT_IN_BIGG_DATABASE
3.5.3.6	ARGDI
3.5.3.6	ARGDr
3.5.3.7	GUDBUTNAH
3.5.3.8	FGLU
3.5.3.8	FGLU_1
3.5.4.-	NOT_IN_BIGG_DATABASE
3.5.4.1	CSND
3.5.4.1	MCSNAH
3.5.4.10	IMPC
3.5.4.11	NOT_IN_BIGG_DATABASE
3.5.4.13	DCTPD
3.5.4.13	DCTPD2
3.5.4.16	GTPCI
3.5.4.16	GTPCI_1
3.5.4.16	GTPCI_2
3.5.4.16	GTPCIn
3.5.4.16	r0120
3.5.4.16	r0708
3.5.4.16	r0775
3.5.4.16	r0777
3.5.4.19	PRACHh
3.5.4.19	PRAMPC
3.5.4.19	PRAMPC_1
3.5.4.2	ADD
3.5.4.21	NOT_IN_BIGG_DATABASE
3.5.4.22	NOT_IN_BIGG_DATABASE
3.5.4.25	GTPCII2
3.5.4.26	DHPPDA2
3.5.4.27	NOT_IN_BIGG_DATABASE
3.5.4.28	NOT_IN_BIGG_DATABASE
3.5.4.3	GUAD
3.5.4.3	GUAD_1
3.5.4.30	NOT_IN_BIGG_DATABASE
3.5.4.32	NOT_IN_BIGG_DATABASE
3.5.4.33	NOT_IN_BIGG_DATABASE
3.5.4.4	ADA
3.5.4.4	ADAe
3.5.4.4	DADA
3.5.4.4	DADAe
3.5.4.40	NOT_IN_BIGG_DATABASE
3.5.4.44	NOT_IN_BIGG_DATABASE
3.5.4.5	CYTD
3.5.4.5	CYTDn
3.5.4.5	DCYTD
3.5.4.5	DCYTDn
3.5.4.9	MTHFC
3.5.4.9	MTHFC_1
3.5.4.9	MTHFCm
3.5.4.9	MTHFCm_1
3.5.4.9	MTHFCx
3.5.5.1	NTRLASE
3.5.5.1	NTRLASE2
3.5.5.1	NTRLASE3
3.5.99.10	NOT_IN_BIGG_DATABASE
3.5.99.2	TMN
3.5.99.6	G6PDA
3.5.99.6	G6PDA_1
3.5.99.7	ACCAHh
3.5.99.7	ACCAHm
3.6.1.-	ACPS
3.6.1.-	ACPSm
3.6.1.-	COAHLp
3.6.1.-	DNMPPA
3.6.1.-	DUTPDP
3.6.1.-	DUTPDPm
3.6.1.-	DUTPDPn
3.6.1.-	GDPMNP
3.6.1.-	NTPP1
3.6.1.-	NTPP10
3.6.1.-	NTPP11
3.6.1.-	NTPP2
3.6.1.-	NTPP9
3.6.1.-	TDP
3.6.1.-	TDPm
3.6.1.-	r0410
3.6.1.1	IDPh
3.6.1.1	IDPm
3.6.1.1	PPA
3.6.1.1	PPA_1
3.6.1.1	PPA_1pp
3.6.1.1	PPAer
3.6.1.1	PPAm
3.6.1.1	PPAn
3.6.1.1	r0009
3.6.1.11	GDTP
3.6.1.11	GTPDPDP
3.6.1.13	ADPGLC
3.6.1.13	ADPRDP
3.6.1.13	ADPRDPm
3.6.1.17	AP4AH1
3.6.1.22	DNADDP
3.6.1.22	NADDP
3.6.1.22	NADDPe
3.6.1.22	NADDPp
3.6.1.22	NPH
3.6.1.23	DUTPDP
3.6.1.23	DUTPDPm
3.6.1.23	DUTPDPn
3.6.1.23	NDP8
3.6.1.25	PPA2
3.6.1.25	PPA2m
3.6.1.26	CDAPPA120
3.6.1.26	CDAPPA140
3.6.1.26	CDAPPA141
3.6.1.26	CDAPPA160
3.6.1.26	CDAPPA161
3.6.1.26	CDAPPA180
3.6.1.26	CDAPPA181
3.6.1.26	CDAPPA_HP
3.6.1.27	NOT_IN_BIGG_DATABASE
3.6.1.31	PRADPh
3.6.1.31	PRATPP
3.6.1.40	GDTP
3.6.1.40	GTPDPDP
3.6.1.41	AP4AH
3.6.1.41	BTPS
3.6.1.54	USHD
3.6.1.55	NOT_IN_BIGG_DATABASE
3.6.1.61	AP4AH1
3.6.1.61	AP5AH
3.6.1.63	NOT_IN_BIGG_DATABASE
3.6.1.65	DCTPDPm
3.6.1.65	DCTPDPn
3.6.1.65	NTPP3
3.6.1.65	NTPP4
3.6.1.66	NTPP10
3.6.1.66	NTPP11
3.6.1.67	DNTPPA
3.6.1.67	DNTPPA_1
3.6.1.7	ACPh
3.6.1.7	ACYP
3.6.1.7	ACYP_2
3.6.1.7	APhi
3.6.1.8	ATPM
3.6.1.8	ATPPHm
3.6.1.8	ATPS
3.6.1.8	NTP1
3.6.1.8	NTPP2
3.6.1.8	NTPP4
3.6.1.8	NTPP6
3.6.1.8	NTPP8
3.6.1.8	NTPP9
3.6.1.8	UDPGP
3.6.1.8	UDPGPpp
3.6.1.8	r0093
3.6.1.8	r0166
3.6.1.9	ADPGLC
3.6.1.9	ATPH2e
3.6.1.9	DATPDPm
3.6.1.9	DATPDPn
3.6.1.9	DCTPDPm
3.6.1.9	DCTPDPn
3.6.1.9	DNADDP
3.6.1.9	DPCOAPP
3.6.1.9	DPCOAPPe
3.6.1.9	DTTPDPm
3.6.1.9	DTTPDPn
3.6.1.9	DUTPDP
3.6.1.9	DUTPDPm
3.6.1.9	DUTPDPn
3.6.1.9	FADDP
3.6.1.9	FADDPle
3.6.1.9	NADDP
3.6.1.9	NADDPe
3.6.1.9	NADDPp
3.6.1.9	NDP1
3.6.1.9	NDP7
3.6.1.9	NDP7er
3.6.1.9	NDP7ex
3.6.1.9	NDP7g
3.6.1.9	NPH
3.6.1.9	NTPP1
3.6.1.9	NTPP2
3.6.1.9	NTPP3
3.6.1.9	NTPP4
3.6.1.9	NTPP5
3.6.1.9	NTPP6
3.6.1.9	NTPP7
3.6.1.9	NTPP8
3.6.1.9	NTPP9
3.6.1.9	UDPGP
3.6.1.9	UDPGPpp
3.6.1.9	r0093
3.6.1.9	r0166
3.6.1.9	r0410
3.6.3.-	NOT_IN_BIGG_DATABASE
3.6.3.3	ATPM
3.6.3.3	ATPPHm
3.6.3.3	ATPS
3.6.3.3	CD2abc1
3.6.3.3	CD2abcpp
3.6.3.3	NTP1
3.6.4.-	NOT_IN_BIGG_DATABASE
3.6.4.12	ATPM
3.6.4.12	ATPPHm
3.6.4.12	ATPS
3.6.4.12	NTP1
3.6.4.13	ATPM
3.6.4.13	ATPPHm
3.6.4.13	ATPS
3.6.4.13	NTP1
3.6.5.-	NOT_IN_BIGG_DATABASE
3.6.5.4	NTP3
3.6.5.4	NTP3e
3.6.5.4	NTP3pp
3.7.1.12	CODSCL5DA
3.7.1.14	HKNDDH
3.7.1.14	HKNDDH_1
3.7.1.14	HKNTDH
3.7.1.14	HKNTDH_1
3.7.1.20	FUMAH
3.7.1.22	NOT_IN_BIGG_DATABASE
3.7.1.26	NOT_IN_BIGG_DATABASE
3.8.1.2	NOT_IN_BIGG_DATABASE
3.8.1.3	NOT_IN_BIGG_DATABASE
3.9.1.-	NOT_IN_BIGG_DATABASE
4.1.1.-	3HXKYNDCL
4.1.1.-	DOGULND1
4.1.1.-	DOGULND2
4.1.1.-	PPYRDC
4.1.1.102	NOT_IN_BIGG_DATABASE
4.1.1.104	NOT_IN_BIGG_DATABASE
4.1.1.11	ASP1DC
4.1.1.114	NOT_IN_BIGG_DATABASE
4.1.1.117	NOT_IN_BIGG_DATABASE
4.1.1.15	ARGDh
4.1.1.15	ASP1DC
4.1.1.15	GLUDC
4.1.1.15	LCYSTCBOXL
4.1.1.15	SALADC2
4.1.1.17	ORDCh
4.1.1.17	ORNDC
4.1.1.18	LYSDC
4.1.1.19	ARGDC
4.1.1.19	ARGDCm
4.1.1.19	ARGDCpp
4.1.1.2	OXADC
4.1.1.2	OXADCm
4.1.1.20	DAPDC
4.1.1.23	OMPDC
4.1.1.31	PPC
4.1.1.32	PEPCK_re
4.1.1.32	PEPCKm
4.1.1.35	UDPGLDC
4.1.1.35	UDPGLDCg
4.1.1.36	PPCDC
4.1.1.36	r0614
4.1.1.37	UPPDC1
4.1.1.37	UPPDC1_1
4.1.1.37	UPPDC2
4.1.1.37	UPPDC2_1
4.1.1.39	RBCh
4.1.1.39	RBCh_1
4.1.1.39	RBPC
4.1.1.39	RBPCh
4.1.1.4	ADCim
4.1.1.44	4CMLCL_kt
4.1.1.44	CMLDC
4.1.1.47	GLXCBL
4.1.1.47	GLXCL
4.1.1.48	IGPS
4.1.1.48	IGPS_1
4.1.1.49	PPCK
4.1.1.49	PPCKm
4.1.1.50	ADMDC
4.1.1.6	NOT_IN_BIGG_DATABASE
4.1.1.61	NOT_IN_BIGG_DATABASE
4.1.1.64	NOT_IN_BIGG_DATABASE
4.1.1.65	PSD120
4.1.1.65	PSD160
4.1.1.65	PSD161
4.1.1.65	PSD180
4.1.1.65	PSD181
4.1.1.65	PSD_EC
4.1.1.65	PSD_HP
4.1.1.7	NOT_IN_BIGG_DATABASE
4.1.1.73	TARTDC
4.1.1.74	INDPYRD
4.1.1.75	OARGDC
4.1.1.8	OXCDC
4.1.1.81	THRPDC
4.1.1.85	KG6PDC
4.1.1.86	NOT_IN_BIGG_DATABASE
4.1.1.87	MACPD
4.1.1.9	MCD
4.1.1.9	MCDC
4.1.1.9	MCDm
4.1.1.9	MCDp
4.1.1.9	MMCD
4.1.1.9	MMCDm
4.1.1.9	MMCDp
4.1.1.96	CSPMDDC
4.1.1.97	NOT_IN_BIGG_DATABASE
4.1.1.98	OPHBDC
4.1.2.-	GHMT3
4.1.2.-	GHMT3m
4.1.2.13	FBA
4.1.2.13	FBA2
4.1.2.13	FBA3
4.1.2.13	FBA3hi
4.1.2.13	FBAf
4.1.2.13	FBAh
4.1.2.13	FBAm
4.1.2.13	FPGPL
4.1.2.14	EDA
4.1.2.17	FCLPA
4.1.2.19	FBA4
4.1.2.19	RMPA
4.1.2.20	GLCRAL
4.1.2.20	GLCRAL_1
4.1.2.21	DDPGALA
4.1.2.22	NOT_IN_BIGG_DATABASE
4.1.2.25	DHNPA2r
4.1.2.28	NOT_IN_BIGG_DATABASE
4.1.2.4	DRPA
4.1.2.40	TGBPA
4.1.2.48	THRA
4.1.2.48	THRA_1
4.1.2.50	CPH4S
4.1.2.51	NOT_IN_BIGG_DATABASE
4.1.2.52	4H2KPILY
4.1.2.52	DHEDAA
4.1.2.53	NOT_IN_BIGG_DATABASE
4.1.2.9	NOT_IN_BIGG_DATABASE
4.1.3.-	2S6HCCi
4.1.3.-	IG3PS
4.1.3.-	IG3PS_1
4.1.3.-	IMGPSh
4.1.3.1	ICL
4.1.3.1	ICL_1
4.1.3.17	OCAALD
4.1.3.24	NOT_IN_BIGG_DATABASE
4.1.3.25	CITMCOALm
4.1.3.26	NOT_IN_BIGG_DATABASE
4.1.3.27	ANS
4.1.3.27	ANS2
4.1.3.27	ATNS
4.1.3.27	ATNS_nh4
4.1.3.3	ACNML
4.1.3.30	MCITL2
4.1.3.30	MCITL2m
4.1.3.30	MCITLm
4.1.3.34	NOT_IN_BIGG_DATABASE
4.1.3.36	NPHS
4.1.3.38	ADCL
4.1.3.4	HMGL
4.1.3.4	HMGL_1
4.1.3.4	HMGLm
4.1.3.4	HMGLr
4.1.3.4	HMGLx
4.1.3.40	CHRPL
4.1.3.41	NOT_IN_BIGG_DATABASE
4.1.3.42	DDPGA
4.1.3.42	DDPGAm
4.1.3.6	ACITL
4.1.3.6	CITL
4.1.3.6	r1109
4.1.99.1	TRPAS2
4.1.99.12	DB4PS
4.1.99.13	NOT_IN_BIGG_DATABASE
4.1.99.14	NOT_IN_BIGG_DATABASE
4.1.99.17	NOT_IN_BIGG_DATABASE
4.1.99.19	TYRL
4.1.99.22	NOT_IN_BIGG_DATABASE
4.1.99.3	NOT_IN_BIGG_DATABASE
4.2.1.-	3HAD180
4.2.1.-	3HAD180_1
4.2.1.-	OHEDH
4.2.1.-	PICH
4.2.1.-	T4HCINNMFM
4.2.1.1	HCO3E
4.2.1.1	HCO3Ee
4.2.1.1	HCO3Ehi
4.2.1.1	HCO3Em
4.2.1.1	HCO3En
4.2.1.10	DHQTi
4.2.1.10	DQDH
4.2.1.103	NOT_IN_BIGG_DATABASE
4.2.1.104	CBMD
4.2.1.104	CYNTAH
4.2.1.109	MDRPD
4.2.1.11	ENO
4.2.1.11	ENOf
4.2.1.11	ENOm
4.2.1.113	SUCBZS
4.2.1.115	NOT_IN_BIGG_DATABASE
4.2.1.117	NOT_IN_BIGG_DATABASE
4.2.1.119	NOT_IN_BIGG_DATABASE
4.2.1.12	EDD
4.2.1.126	ACM6PH
4.2.1.129	SQLC2
4.2.1.131	NOT_IN_BIGG_DATABASE
4.2.1.135	NOT_IN_BIGG_DATABASE
4.2.1.136	NOT_IN_BIGG_DATABASE
4.2.1.147	NOT_IN_BIGG_DATABASE
4.2.1.148	NOT_IN_BIGG_DATABASE
4.2.1.149	CRNCDH
4.2.1.150	ECOAH1
4.2.1.150	ECOAH1_1
4.2.1.150	ECOAH1m
4.2.1.150	ECOAH1x
4.2.1.151	NOT_IN_BIGG_DATABASE
4.2.1.153	NOT_IN_BIGG_DATABASE
4.2.1.155	NOT_IN_BIGG_DATABASE
4.2.1.165	NOT_IN_BIGG_DATABASE
4.2.1.17	C2M26DCOAHLm
4.2.1.17	C2M26DCOAHLx
4.2.1.17	DHACOAH
4.2.1.17	ECH_3hivcoa
4.2.1.17	ECOAH1
4.2.1.17	ECOAH11p
4.2.1.17	ECOAH12
4.2.1.17	ECOAH12m
4.2.1.17	ECOAH1_1
4.2.1.17	ECOAH1m
4.2.1.17	ECOAH1x
4.2.1.17	ECOAH2
4.2.1.17	ECOAH2_1
4.2.1.17	ECOAH2c
4.2.1.17	ECOAH2m
4.2.1.17	ECOAH3
4.2.1.17	ECOAH3_1
4.2.1.17	ECOAH3m
4.2.1.17	ECOAH4
4.2.1.17	ECOAH4m
4.2.1.17	ECOAH4p
4.2.1.17	ECOAH5
4.2.1.17	ECOAH5_1
4.2.1.17	ECOAH5m
4.2.1.17	ECOAH5p
4.2.1.17	ECOAH6
4.2.1.17	ECOAH6m
4.2.1.17	ECOAH6p
4.2.1.17	ECOAH7
4.2.1.17	ECOAH7m
4.2.1.17	ECOAH7p
4.2.1.17	ECOAH8
4.2.1.17	ECOAH8p
4.2.1.17	ECOAH9ir
4.2.1.17	ECOAH9m
4.2.1.17	HPHL
4.2.1.17	PRPNCOAHYDm
4.2.1.17	PRPNCOAHYDx
4.2.1.17	T2M26DCOAHLm
4.2.1.17	T2M26DCOAHLx
4.2.1.172	NOT_IN_BIGG_DATABASE
4.2.1.19	IGPDH
4.2.1.19	IGPDH_1
4.2.1.19	IGPDh
4.2.1.2	FUM
4.2.1.2	FUMm
4.2.1.20	G3PL
4.2.1.20	SERH
4.2.1.20	TRPS1
4.2.1.20	TRPS2
4.2.1.20	TRPS2h
4.2.1.20	TRPS3
4.2.1.22	CYS
4.2.1.22	CYSTS
4.2.1.22	SELCYSTS
4.2.1.24	PPBNGS
4.2.1.24	PPBNGS_1
4.2.1.3	ACONT
4.2.1.3	ACONTa
4.2.1.3	ACONTb
4.2.1.3	ACONTm
4.2.1.3	ACONTx
4.2.1.32	TARTD
4.2.1.33	IPPMIa
4.2.1.33	IPPMIb
4.2.1.35	CITCIb
4.2.1.40	GLCRD
4.2.1.40	GLCRD_1
4.2.1.41	NOT_IN_BIGG_DATABASE
4.2.1.42	GALCTD
4.2.1.42	GALCTD_1
4.2.1.43	NOT_IN_BIGG_DATABASE
4.2.1.44	2INSD
4.2.1.45	CDPGLC46DH
4.2.1.46	TDPGDH
4.2.1.47	GMAND
4.2.1.48	NOT_IN_BIGG_DATABASE
4.2.1.49	URCN
4.2.1.49	URCN_1
4.2.1.5	NOT_IN_BIGG_DATABASE
4.2.1.51	AROH
4.2.1.51	PPNDH
4.2.1.55	3HBCDm
4.2.1.55	ECOAH1
4.2.1.55	ECOAH1_1
4.2.1.55	ECOAH1m
4.2.1.55	ECOAH1x
4.2.1.55	HBCHLR
4.2.1.59	3HAD100
4.2.1.59	3HAD100_1
4.2.1.59	3HAD120
4.2.1.59	3HAD120_1
4.2.1.59	3HAD140
4.2.1.59	3HAD140_1
4.2.1.59	3HAD160
4.2.1.59	3HAD160_1
4.2.1.59	3HAD40_1
4.2.1.59	3HAD60
4.2.1.59	3HAD60_1
4.2.1.59	3HAD80
4.2.1.59	3HAD80_1
4.2.1.59	OGMEACPD
4.2.1.59	OPMEACPD
4.2.1.6	GALCTND
4.2.1.7	ALTRH
4.2.1.70	NOT_IN_BIGG_DATABASE
4.2.1.75	UPP3S
4.2.1.75	UPP3S_1
4.2.1.77	NOT_IN_BIGG_DATABASE
4.2.1.79	MCITD
4.2.1.8	MNNH
4.2.1.81	DTARTD
4.2.1.82	NOT_IN_BIGG_DATABASE
4.2.1.83	NOT_IN_BIGG_DATABASE
4.2.1.84	NOT_IN_BIGG_DATABASE
4.2.1.9	DHAD1
4.2.1.9	DHAD1m
4.2.1.9	DHAD2
4.2.1.9	DHAD2m
4.2.1.9	DHAD_3mob_h
4.2.1.9	DHADh
4.2.1.90	NOT_IN_BIGG_DATABASE
4.2.1.96	NOT_IN_BIGG_DATABASE
4.2.1.99	MICITDr
4.2.2.-	NOT_IN_BIGG_DATABASE
4.2.2.2	NOT_IN_BIGG_DATABASE
4.2.2.29	NOT_IN_BIGG_DATABASE
4.2.2.6	NOT_IN_BIGG_DATABASE
4.2.3.1	4HTHRS
4.2.3.1	THRS
4.2.3.1	THRS_1
4.2.3.12	PTHPS
4.2.3.12	PTHPSn
4.2.3.153	NOT_IN_BIGG_DATABASE
4.2.3.156	NOT_IN_BIGG_DATABASE
4.2.3.3	MGSA
4.2.3.4	DHQS
4.2.3.4	DHQS_1
4.2.3.5	CHORS
4.2.3.5	CHRS
4.2.99.18	NOT_IN_BIGG_DATABASE
4.2.99.20	2S6HCCi
4.2.99.20	SHCHCS3
4.2.99.21	SALSYN
4.3.1.1	ASPT
4.3.1.12	ORNCD
4.3.1.15	DAPAL
4.3.1.15	SERD_L
4.3.1.15	SER_AL
4.3.1.15	THRAL
4.3.1.16	NOT_IN_BIGG_DATABASE
4.3.1.17	2AMACHYD
4.3.1.17	SERD_L
4.3.1.17	SERHL
4.3.1.17	SER_AL
4.3.1.17	THRAL
4.3.1.18	SERD_D
4.3.1.19	SERD_L
4.3.1.19	SER_AL
4.3.1.19	TAL
4.3.1.19	THRAL
4.3.1.19	THRD_L
4.3.1.19	THRD_Lm
4.3.1.3	HISDr
4.3.1.7	ETHAAL
4.3.2.1	ARGSL
4.3.2.10	NOT_IN_BIGG_DATABASE
4.3.2.2	ADSL1r
4.3.2.2	ADSL2r
4.3.2.3	NOT_IN_BIGG_DATABASE
4.3.2.7	NOT_IN_BIGG_DATABASE
4.3.2.9	NOT_IN_BIGG_DATABASE
4.3.3.6	GAM
4.3.3.6	GLUN
4.3.3.6	GLUNm
4.3.3.6	GLUNpp
4.3.3.6	PYDXS
4.3.3.7	NOT_IN_BIGG_DATABASE
4.3.99.3	CDGS
4.4.1.1	CTINBL
4.4.1.1	CYS
4.4.1.1	CYSDS
4.4.1.1	CYSLYSL
4.4.1.1	CYSSADS
4.4.1.1	CYSTBL
4.4.1.1	CYSTGL
4.4.1.1	HSDA
4.4.1.1	SELCYSTGL
4.4.1.1	TRPAS1
4.4.1.11	METGL
4.4.1.13	NOT_IN_BIGG_DATABASE
4.4.1.15	CYSDDS
4.4.1.16	NOT_IN_BIGG_DATABASE
4.4.1.19	NOT_IN_BIGG_DATABASE
4.4.1.21	RHCCE
4.4.1.21	RHCYS
4.4.1.22	FALGTHLs
4.4.1.24	NOT_IN_BIGG_DATABASE
4.4.1.25	NOT_IN_BIGG_DATABASE
4.4.1.3	NOT_IN_BIGG_DATABASE
4.4.1.37	NOT_IN_BIGG_DATABASE
4.4.1.5	GLYOX_1
4.4.1.5	LGTHL
4.6.1.1	ADECn
4.6.1.1	ADNCYC
4.6.1.1	GUAC
4.6.1.1	GUACYC
4.6.1.1	GUACn
4.6.1.12	MCS
4.6.1.12	MECDPS
4.6.1.15	NOT_IN_BIGG_DATABASE
4.6.1.17	NOT_IN_BIGG_DATABASE
4.6.1.19	NOT_IN_BIGG_DATABASE
4.6.1.21	NOT_IN_BIGG_DATABASE
4.7.1.1	NOT_IN_BIGG_DATABASE
4.98.1.1	NOT_IN_BIGG_DATABASE
4.99.1.1	FCLT
4.99.1.1	FCLT_1
4.99.1.1	FCLT_2
4.99.1.1	FCLTm
4.99.1.12	NOT_IN_BIGG_DATABASE
4.99.1.4	SHCHF
4.99.1.4	SHCHF_1
4.99.1.4	SHCHF_2
4.99.1.9	NOT_IN_BIGG_DATABASE
5.1.1.-	NOT_IN_BIGG_DATABASE
5.1.1.1	ALAR
5.1.1.10	SERR
5.1.1.12	NOT_IN_BIGG_DATABASE
5.1.1.13	ASPR
5.1.1.17	NOT_IN_BIGG_DATABASE
5.1.1.20	ALAGLUE
5.1.1.25	NOT_IN_BIGG_DATABASE
5.1.1.3	GLUR
5.1.1.7	DAPE
5.1.2.3	NOT_IN_BIGG_DATABASE
5.1.3.-	ALLULPE
5.1.3.1	RPE
5.1.3.1	RPEh
5.1.3.10	NOT_IN_BIGG_DATABASE
5.1.3.13	TDPDRE
5.1.3.14	UAG2E
5.1.3.14	UAG2EMA
5.1.3.14	r0113
5.1.3.15	G6PI
5.1.3.15	G6PI_1
5.1.3.15	G6PIh
5.1.3.2	UAG4E
5.1.3.2	UAG4Ei
5.1.3.2	UDPG4E
5.1.3.20	AGMHE
5.1.3.22	X5PL3E
5.1.3.23	NOT_IN_BIGG_DATABASE
5.1.3.25	NOT_IN_BIGG_DATABASE
5.1.3.26	NOT_IN_BIGG_DATABASE
5.1.3.29	NOT_IN_BIGG_DATABASE
5.1.3.3	A1E
5.1.3.3	GALM2
5.1.3.3	GALM2pp
5.1.3.3	GalMr
5.1.3.32	NOT_IN_BIGG_DATABASE
5.1.3.4	RBP4E
5.1.3.6	UGE
5.1.3.9	AMANAPEr
5.1.99.-	NOT_IN_BIGG_DATABASE
5.1.99.1	MME
5.1.99.1	MMEm
5.1.99.3	NOT_IN_BIGG_DATABASE
5.1.99.5	NOT_IN_BIGG_DATABASE
5.1.99.6	NOT_IN_BIGG_DATABASE
5.1.99.7	NOT_IN_BIGG_DATABASE
5.1.99.8	NOT_IN_BIGG_DATABASE
5.2.1.1	MALEI
5.2.1.2	MAAIn
5.2.1.2	MACACI
5.2.1.8	NOT_IN_BIGG_DATABASE
5.3.1.-	GALAM6PISO
5.3.1.-	LYXI
5.3.1.1	TPI
5.3.1.1	TPIh
5.3.1.12	GUI1
5.3.1.12	GUI2
5.3.1.13	A5PISO
5.3.1.14	RMI
5.3.1.16	PRICIh
5.3.1.16	PRMICI
5.3.1.17	NOT_IN_BIGG_DATABASE
5.3.1.22	HPI
5.3.1.22	HPYRI
5.3.1.23	MTRI
5.3.1.24	PRAI
5.3.1.24	PRAIi
5.3.1.25	NOT_IN_BIGG_DATABASE
5.3.1.28	S7PI
5.3.1.30	NOT_IN_BIGG_DATABASE
5.3.1.31	NOT_IN_BIGG_DATABASE
5.3.1.33	NOT_IN_BIGG_DATABASE
5.3.1.34	NOT_IN_BIGG_DATABASE
5.3.1.35	NOT_IN_BIGG_DATABASE
5.3.1.4	ARAI
5.3.1.5	ARAI
5.3.1.5	XYLI1
5.3.1.5	XYLI2
5.3.1.6	ALLPI
5.3.1.6	RPI
5.3.1.6	RPIh
5.3.1.6	r0249
5.3.1.8	MAN6PI
5.3.1.8	MPAKI
5.3.1.9	G6PI
5.3.1.9	G6PI2
5.3.1.9	G6PI3
5.3.1.9	G6PI_1
5.3.1.9	G6PIh
5.3.1.9	PGI
5.3.1.9	PGIA
5.3.1.9	PGIAh
5.3.1.9	PGIBh
5.3.2.-	NOT_IN_BIGG_DATABASE
5.3.2.6	34HPPYRI
5.3.2.6	4OT
5.3.2.6	4OT2
5.3.2.8	NOT_IN_BIGG_DATABASE
5.3.3.-	NOT_IN_BIGG_DATABASE
5.3.3.14	NOT_IN_BIGG_DATABASE
5.3.3.17	NOT_IN_BIGG_DATABASE
5.3.3.18	NOT_IN_BIGG_DATABASE
5.3.3.2	IDIh
5.3.3.2	IPDDI
5.3.3.2	IPDDIx
5.3.3.4	MUCLI
5.3.99.11	NOT_IN_BIGG_DATABASE
5.4.1.3	NOT_IN_BIGG_DATABASE
5.4.1.4	NOT_IN_BIGG_DATABASE
5.4.2.10	PGAMT
5.4.2.11	PGM
5.4.2.11	PGMf
5.4.2.11	PGMm
5.4.2.12	PGM
5.4.2.12	PGMf
5.4.2.12	PGMm
5.4.2.2	PGCM
5.4.2.2	PGMT
5.4.2.2	PGMTh
5.4.2.2	PPM
5.4.2.2	PPMh
5.4.2.6	PGMT_B
5.4.2.7	PPM
5.4.2.7	PPM2
5.4.2.7	PPMh
5.4.3.-	NOT_IN_BIGG_DATABASE
5.4.3.2	LYSAM
5.4.3.8	G1SAT
5.4.3.8	G1SAT_1
5.4.4.2	ICHORS
5.4.99.-	NOT_IN_BIGG_DATABASE
5.4.99.12	NOT_IN_BIGG_DATABASE
5.4.99.15	NOT_IN_BIGG_DATABASE
5.4.99.16	MTI
5.4.99.17	SQLC
5.4.99.18	AIRC3
5.4.99.19	NOT_IN_BIGG_DATABASE
5.4.99.2	MMM2
5.4.99.2	MMMm
5.4.99.20	NOT_IN_BIGG_DATABASE
5.4.99.22	NOT_IN_BIGG_DATABASE
5.4.99.23	NOT_IN_BIGG_DATABASE
5.4.99.24	NOT_IN_BIGG_DATABASE
5.4.99.25	NOT_IN_BIGG_DATABASE
5.4.99.26	NOT_IN_BIGG_DATABASE
5.4.99.27	NOT_IN_BIGG_DATABASE
5.4.99.28	NOT_IN_BIGG_DATABASE
5.4.99.29	NOT_IN_BIGG_DATABASE
5.4.99.5	CHORM
5.4.99.5	CHRM
5.4.99.60	CODSCL8XI
5.4.99.60	CPC8MM
5.4.99.61	PC8XM
5.4.99.62	NOT_IN_BIGG_DATABASE
5.4.99.63	NOT_IN_BIGG_DATABASE
5.5.1.1	MUCCYCI
5.5.1.2	MUCCY_kt
5.5.1.25	NOT_IN_BIGG_DATABASE
5.5.1.27	NOT_IN_BIGG_DATABASE
5.5.1.4	MI1PS
5.5.1.4	MI3PS
5.5.1.4	MI3PSB
5.6.1.7	NOT_IN_BIGG_DATABASE
5.6.2.1	NOT_IN_BIGG_DATABASE
5.6.2.2	NOT_IN_BIGG_DATABASE
5.6.2.3	NOT_IN_BIGG_DATABASE
5.6.2.4	NOT_IN_BIGG_DATABASE
5.6.2.6	NOT_IN_BIGG_DATABASE
5.6.2.7	NOT_IN_BIGG_DATABASE
6.1.1.-	NOT_IN_BIGG_DATABASE
6.1.1.1	TYRTRS
6.1.1.1	TYRTRSm
6.1.1.10	METTRS
6.1.1.10	METTRSm
6.1.1.11	SECYSTL
6.1.1.11	SERTRS
6.1.1.11	SERTRS2
6.1.1.12	ASPTRS
6.1.1.12	ASPTRS_Asn
6.1.1.12	ASPTRSm
6.1.1.14	GLYTLm
6.1.1.14	GLYTRS
6.1.1.15	CYSTRS
6.1.1.15	PROTRS
6.1.1.16	CYSTRS
6.1.1.17	GLUTRS
6.1.1.17	GLUTRS_1
6.1.1.17	GLUTRSm
6.1.1.18	GLNTRS
6.1.1.19	ARGTRS
6.1.1.19	ARGTRSm
6.1.1.2	TRPTRS
6.1.1.2	TRPTRSm
6.1.1.20	PHETRS
6.1.1.20	PHETRSm
6.1.1.21	HISTRS
6.1.1.21	HISTRSm
6.1.1.22	ASNTRS
6.1.1.22	ASNTRS_1
6.1.1.22	ASNTRSm
6.1.1.23	ASPTRS
6.1.1.23	ASPTRS_Asn
6.1.1.23	ASPTRSm
6.1.1.3	THRTRS
6.1.1.3	THRTRSm
6.1.1.4	LEUTRS
6.1.1.4	LEUTRSm
6.1.1.5	ILETRS
6.1.1.5	ILETRSm
6.1.1.6	LYSTRS
6.1.1.6	LYSTRSm
6.1.1.7	ALATL
6.1.1.7	ALATRS
6.1.1.9	VALTLh
6.1.1.9	VALTRS
6.1.1.9	VALTRSm
6.1.3.1	NOT_IN_BIGG_DATABASE
6.2.1.-	PACCOAL2
6.2.1.1	ACS
6.2.1.1	ACSm
6.2.1.1	ACSp
6.2.1.1	r0068
6.2.1.1	r0097
6.2.1.17	ACCOALm
6.2.1.17	ACS2
6.2.1.17	PPACOALh
6.2.1.17	PPACOALm
6.2.1.20	AACPS1
6.2.1.20	AACPS1_1
6.2.1.20	AACPS2
6.2.1.20	AACPS3
6.2.1.20	AACPS3_1
6.2.1.20	AACPS6
6.2.1.20	AACPS6_1
6.2.1.20	AACPS8
6.2.1.22	NOT_IN_BIGG_DATABASE
6.2.1.26	SUCBZL
6.2.1.3	FACOAL100p
6.2.1.3	FACOAL120p
6.2.1.3	FACOAL141
6.2.1.3	FACOAL141p
6.2.1.3	FACOAL160
6.2.1.3	FACOAL160p
6.2.1.3	FACOAL180
6.2.1.3	FACOAL180_2
6.2.1.3	FACOAL1821
6.2.1.3	FACOAL1832
6.2.1.3	FACOAL80
6.2.1.3	FACOAL80p
6.2.1.3	OCDCAFATPc
6.2.1.3	PALFATPtc
6.2.1.3	r0311
6.2.1.3	r0650
6.2.1.3	r0651
6.2.1.3	r1257
6.2.1.30	PACCOAL
6.2.1.31	NOT_IN_BIGG_DATABASE
6.2.1.4	ITCOAL1m
6.2.1.4	SUCOAS1m
6.2.1.41	NOT_IN_BIGG_DATABASE
6.2.1.44	NOT_IN_BIGG_DATABASE
6.2.1.48	NOT_IN_BIGG_DATABASE
6.2.1.5	ITCOALm
6.2.1.5	SUCLm
6.2.1.5	SUCOAS
6.2.1.5	SUCOASm
6.2.1.54	NOT_IN_BIGG_DATABASE
6.2.1.76	NOT_IN_BIGG_DATABASE
6.2.1.9	NOT_IN_BIGG_DATABASE
6.3.1.-	NOT_IN_BIGG_DATABASE
6.3.1.1	ASNS2
6.3.1.10	ADCPS1
6.3.1.10	ADCPS2
6.3.1.11	GGPTRCS
6.3.1.2	GALh
6.3.1.2	GALm
6.3.1.2	GLNS
6.3.1.2	GLNSP1
6.3.1.2	GLNSP2
6.3.1.2	GLNSP3
6.3.1.20	LIPATPT
6.3.1.20	RE1944C
6.3.1.5	NADS1
6.3.1.5	NADS1m
6.3.1.5	NADS1n
6.3.2.-	NOT_IN_BIGG_DATABASE
6.3.2.1	PANTS
6.3.2.1	PBAL
6.3.2.1	PBALm
6.3.2.10	UGLDDS1
6.3.2.10	UGLDDS2
6.3.2.10	UGMDDS
6.3.2.12	DHFS
6.3.2.12	DHFS_1
6.3.2.13	UAAGDS
6.3.2.14	NOT_IN_BIGG_DATABASE
6.3.2.17	10FTHFGLULL
6.3.2.17	10FTHFGLULLm
6.3.2.17	DHFS
6.3.2.17	DHFS_1
6.3.2.17	FPGS_tm
6.3.2.17	THFGLUS
6.3.2.17	THFGLUS_1
6.3.2.2	GCL
6.3.2.2	GLUCYS
6.3.2.3	GTHS
6.3.2.3	GTHS_1
6.3.2.33	H4MPTGL_atp
6.3.2.38	NOT_IN_BIGG_DATABASE
6.3.2.39	NOT_IN_BIGG_DATABASE
6.3.2.4	ALAALAr
6.3.2.45	NOT_IN_BIGG_DATABASE
6.3.2.5	PPNCL
6.3.2.5	PPNCL2
6.3.2.5	PPNCL3
6.3.2.54	NOT_IN_BIGG_DATABASE
6.3.2.55	NOT_IN_BIGG_DATABASE
6.3.2.56	NOT_IN_BIGG_DATABASE
6.3.2.6	PRAISh
6.3.2.6	PRASCSi
6.3.2.8	UAMAS
6.3.2.9	UAMAGS
6.3.3.1	PRAIS
6.3.3.1	PRAIS_1
6.3.3.1	PRFGCL
6.3.3.1	PRFGCLh
6.3.3.2	FTCL
6.3.3.2	FTHFCL
6.3.3.2	FTHFCLm
6.3.3.3	DBTS
6.3.4.12	NOT_IN_BIGG_DATABASE
6.3.4.13	PPRGL
6.3.4.13	PPRGLh
6.3.4.13	PRAGSr
6.3.4.14	BTNC
6.3.4.15	BACCL
6.3.4.15	BACCLm
6.3.4.18	AIRC2
6.3.4.19	NOT_IN_BIGG_DATABASE
6.3.4.2	CTPS1
6.3.4.2	CTPS2
6.3.4.2	GAM
6.3.4.2	GLUN
6.3.4.2	GLUNm
6.3.4.2	GLUNpp
6.3.4.20	CCGS
6.3.4.21	NAMNPP
6.3.4.3	FTHFLi
6.3.4.3	FTHFLmi
6.3.4.4	ADSS
6.3.4.4	ADSSh
6.3.4.5	ARGSS
6.3.4.5	ARGSS_1
6.3.5.-	GLNSP2
6.3.5.1	DNGALh
6.3.5.1	NADS1
6.3.5.1	NADS1m
6.3.5.1	NADS1n
6.3.5.1	NADS2
6.3.5.10	ADCYRS
6.3.5.11	NOT_IN_BIGG_DATABASE
6.3.5.2	6TXAN5MPAML
6.3.5.2	GAM
6.3.5.2	GLUN
6.3.5.2	GLUNm
6.3.5.2	GLUNpp
6.3.5.2	GMPS
6.3.5.2	GMPS2
6.3.5.2	GMPS_glu_m
6.3.5.2	GMPSm
6.3.5.3	PRFGS
6.3.5.3	PRFGS_1
6.3.5.3	PRFGSh
6.3.5.4	ASNS1
6.3.5.4	ASNS2
6.3.5.4	GAM
6.3.5.4	GLUN
6.3.5.4	GLUNm
6.3.5.4	GLUNpp
6.3.5.5	CBPS
6.3.5.5	CBPSam
6.3.5.5	CBPSn
6.3.5.5	GAM
6.3.5.5	GLUN
6.3.5.5	GLUNm
6.3.5.5	GLUNpp
6.3.5.5	HCGALm
6.3.5.6	ASNTRAT
6.3.5.7	GLNTRAT
6.3.5.9	NOT_IN_BIGG_DATABASE
6.4.1.2	ACCOAC
6.4.1.2	ACCOAC_1
6.4.1.2	ACCOACrm
6.4.1.2	ACCOAhi
6.4.1.3	PPCOAC
6.4.1.3	PPCOACm
6.4.1.6	NOT_IN_BIGG_DATABASE
6.4.1.7	NOT_IN_BIGG_DATABASE
6.4.1.8	NOT_IN_BIGG_DATABASE
6.5.1.-	NOT_IN_BIGG_DATABASE
6.5.1.1	NOT_IN_BIGG_DATABASE
6.5.1.2	NOT_IN_BIGG_DATABASE
6.5.1.4	NOT_IN_BIGG_DATABASE
6.6.1.1	MPML
6.6.1.1	MPML_1
6.6.1.2	COCHL
7.1.1.-	NOT_IN_BIGG_DATABASE
7.1.1.1	NOT_IN_BIGG_DATABASE
7.1.1.2	NOT_IN_BIGG_DATABASE
7.1.1.3	NOT_IN_BIGG_DATABASE
7.1.1.7	NOT_IN_BIGG_DATABASE
7.1.1.8	NOT_IN_BIGG_DATABASE
7.1.1.9	NOT_IN_BIGG_DATABASE
7.1.2.2	NOT_IN_BIGG_DATABASE
7.1.3.1	NOT_IN_BIGG_DATABASE
7.2.1.1	NOT_IN_BIGG_DATABASE
7.2.2.-	NOT_IN_BIGG_DATABASE
7.2.2.1	NOT_IN_BIGG_DATABASE
7.2.2.10	NOT_IN_BIGG_DATABASE
7.2.2.14	NOT_IN_BIGG_DATABASE
7.2.2.16	NOT_IN_BIGG_DATABASE
7.2.2.4	NOT_IN_BIGG_DATABASE
7.2.2.5	NOT_IN_BIGG_DATABASE
7.2.2.6	NOT_IN_BIGG_DATABASE
7.2.2.7	NOT_IN_BIGG_DATABASE
7.2.2.8	NOT_IN_BIGG_DATABASE
7.2.3.-	NOT_IN_BIGG_DATABASE
7.2.3.1	NOT_IN_BIGG_DATABASE
7.2.4.2	NOT_IN_BIGG_DATABASE
7.3.2.1	NOT_IN_BIGG_DATABASE
7.3.2.2	NOT_IN_BIGG_DATABASE
7.3.2.3	NOT_IN_BIGG_DATABASE
7.3.2.4	NOT_IN_BIGG_DATABASE
7.3.2.5	NOT_IN_BIGG_DATABASE
7.4.2.1	NOT_IN_BIGG_DATABASE
7.4.2.10	NOT_IN_BIGG_DATABASE
7.4.2.5	NOT_IN_BIGG_DATABASE
7.4.2.8	NOT_IN_BIGG_DATABASE
7.5.2.-	NOT_IN_BIGG_DATABASE
7.5.2.1	NOT_IN_BIGG_DATABASE
7.5.2.10	NOT_IN_BIGG_DATABASE
7.5.2.11	NOT_IN_BIGG_DATABASE
7.5.2.12	NOT_IN_BIGG_DATABASE
7.5.2.14	NOT_IN_BIGG_DATABASE
7.5.2.3	NOT_IN_BIGG_DATABASE
7.5.2.4	NOT_IN_BIGG_DATABASE
7.5.2.5	NOT_IN_BIGG_DATABASE
7.5.2.6	NOT_IN_BIGG_DATABASE
7.5.2.7	NOT_IN_BIGG_DATABASE
7.6.2.-	NOT_IN_BIGG_DATABASE
7.6.2.10	NOT_IN_BIGG_DATABASE
7.6.2.11	NOT_IN_BIGG_DATABASE
7.6.2.12	NOT_IN_BIGG_DATABASE
7.6.2.14	NOT_IN_BIGG_DATABASE
7.6.2.2	NOT_IN_BIGG_DATABASE
7.6.2.5	NOT_IN_BIGG_DATABASE
7.6.2.7	NOT_IN_BIGG_DATABASE
7.6.2.8	NOT_IN_BIGG_DATABASE
7.6.2.9	NOT_IN_BIGG_DATABASE
